Title,Price,Rating,Discount,Source,URL
"Samsung Galaxy S24 Ultra 5G AI Smartphone with Galaxy AI (Titanium Violet, 12GB, 256GB Storage), Snapdragon 8 Gen 3, 200 MP Camera with ProVisual Engine and 5000mAh Battery",₹97999,N/A,(27% off),Amazon,https://www.amazon.in/Samsung-Galaxy-Smartphone-Titanium-Storage/dp/B0CS5Z4GD3/ref=sr_1_1?dib=eyJ2IjoiMSJ9.91n9dFdC2fEXiQRycBfgUUcGW0pVOROOAmOa5uvog6TctmeNw3wU1hQLzpBwr5JA4WkEq22rkij3JkymrHJcm28VqXLo9zSFYqMX_Y-O8tBDGBErH5L7fxLEU0se2f7CVFdyUvRHxUEQpPtJRpZJn9VXHFHweHXgP549_d7pWU5QAEXYvkqKEKIdUhhu06-VleqTJ0x-onTrsXrrfxDvfh7iucaxMzAIN91g2W7c3-A.KFQ1oKbOEXL-fVicQ6ksG_NUjbhp3PI_p1buniM6SI0&dib_tag=se&keywords=s24+ultra&qid=1758214723&sr=8-1
"Samsung Galaxy S24 Ultra 5G AI Smartphone with Galaxy AI (Titanium Gray, 12GB, 256GB Storage), Snapdragon 8 Gen 3, 200 MP Camera with ProVisual Engine and 5000mAh Battery",₹97999,N/A,(27% off),Amazon,https://www.amazon.in/Samsung-Galaxy-Smartphone-Titanium-Storage/dp/B0CS5XW6TN/ref=sr_1_2?dib=eyJ2IjoiMSJ9.91n9dFdC2fEXiQRycBfgUUcGW0pVOROOAmOa5uvog6TctmeNw3wU1hQLzpBwr5JA4WkEq22rkij3JkymrHJcm28VqXLo9zSFYqMX_Y-O8tBDGBErH5L7fxLEU0se2f7CVFdyUvRHxUEQpPtJRpZJn9VXHFHweHXgP549_d7pWU5QAEXYvkqKEKIdUhhu06-VleqTJ0x-onTrsXrrfxDvfh7iucaxMzAIN91g2W7c3-A.KFQ1oKbOEXL-fVicQ6ksG_NUjbhp3PI_p1buniM6SI0&dib_tag=se&keywords=s24+ultra&qid=1758214723&sr=8-2
"Samsung Galaxy S24 Ultra 5G AI Smartphone with Galaxy AI (Titanium Black, 12GB, 256GB Storage), Snapdragon 8 Gen 3, 200 MP Camera with ProVisual Engine and 5000mAh Battery",₹97999,N/A,(27% off),Amazon,https://www.amazon.in/Samsung-Galaxy-Smartphone-Titanium-Storage/dp/B0CS5Z3T4M/ref=sr_1_3?dib=eyJ2IjoiMSJ9.91n9dFdC2fEXiQRycBfgUUcGW0pVOROOAmOa5uvog6TctmeNw3wU1hQLzpBwr5JA4WkEq22rkij3JkymrHJcm28VqXLo9zSFYqMX_Y-O8tBDGBErH5L7fxLEU0se2f7CVFdyUvRHxUEQpPtJRpZJn9VXHFHweHXgP549_d7pWU5QAEXYvkqKEKIdUhhu06-VleqTJ0x-onTrsXrrfxDvfh7iucaxMzAIN91g2W7c3-A.KFQ1oKbOEXL-fVicQ6ksG_NUjbhp3PI_p1buniM6SI0&dib_tag=se&keywords=s24+ultra&qid=1758214723&sr=8-3
"Samsung Galaxy S24 Ultra 5G AI Smartphone with Galaxy AI (Titanium Gray, 12GB, 512GB Storage), Snapdragon 8 Gen 3, 200 MP Camera with ProVisual Engine and 5000mAh Battery",N/A,N/A,N/A,Amazon,https://www.amazon.in/Samsung-Galaxy-Smartphone-Titanium-Storage/dp/B0CQYGF1QY/ref=sr_1_4?dib=eyJ2IjoiMSJ9.91n9dFdC2fEXiQRycBfgUUcGW0pVOROOAmOa5uvog6TctmeNw3wU1hQLzpBwr5JA4WkEq22rkij3JkymrHJcm28VqXLo9zSFYqMX_Y-O8tBDGBErH5L7fxLEU0se2f7CVFdyUvRHxUEQpPtJRpZJn9VXHFHweHXgP549_d7pWU5QAEXYvkqKEKIdUhhu06-VleqTJ0x-onTrsXrrfxDvfh7iucaxMzAIN91g2W7c3-A.KFQ1oKbOEXL-fVicQ6ksG_NUjbhp3PI_p1buniM6SI0&dib_tag=se&keywords=s24+ultra&qid=1758214723&sr=8-4
"Samsung Galaxy S24 Ultra 5G AI Smartphone with Galaxy AI (Titanium Violet, 12GB, 512GB Storage), Snapdragon 8 Gen 3, 200 MP Camera with ProVisual Engine and 5000mAh Battery",₹104999,N/A,(28% off),Amazon,https://www.amazon.in/Samsung-Galaxy-Smartphone-Titanium-Storage/dp/B0CS6JW9YQ/ref=sr_1_5?dib=eyJ2IjoiMSJ9.91n9dFdC2fEXiQRycBfgUUcGW0pVOROOAmOa5uvog6TctmeNw3wU1hQLzpBwr5JA4WkEq22rkij3JkymrHJcm28VqXLo9zSFYqMX_Y-O8tBDGBErH5L7fxLEU0se2f7CVFdyUvRHxUEQpPtJRpZJn9VXHFHweHXgP549_d7pWU5QAEXYvkqKEKIdUhhu06-VleqTJ0x-onTrsXrrfxDvfh7iucaxMzAIN91g2W7c3-A.KFQ1oKbOEXL-fVicQ6ksG_NUjbhp3PI_p1buniM6SI0&dib_tag=se&keywords=s24+ultra&qid=1758214723&sr=8-5
"Samsung Galaxy S24 Ultra 5G AI Smartphone with Galaxy AI (Titanium Black, 12GB, 512GB Storage), Snapdragon 8 Gen 3, 200 MP Camera with ProVisual Engine and 5000mAh Battery",₹104999,N/A,(28% off),Amazon,https://www.amazon.in/Samsung-Galaxy-Smartphone-Titanium-Storage/dp/B0CS5Y7H6T/ref=sr_1_6?dib=eyJ2IjoiMSJ9.91n9dFdC2fEXiQRycBfgUUcGW0pVOROOAmOa5uvog6TctmeNw3wU1hQLzpBwr5JA4WkEq22rkij3JkymrHJcm28VqXLo9zSFYqMX_Y-O8tBDGBErH5L7fxLEU0se2f7CVFdyUvRHxUEQpPtJRpZJn9VXHFHweHXgP549_d7pWU5QAEXYvkqKEKIdUhhu06-VleqTJ0x-onTrsXrrfxDvfh7iucaxMzAIN91g2W7c3-A.KFQ1oKbOEXL-fVicQ6ksG_NUjbhp3PI_p1buniM6SI0&dib_tag=se&keywords=s24+ultra&qid=1758214723&sr=8-6
"Samsung Galaxy S24 FE 5G AI Smartphone (Mint, 8GB RAM, 128GB Storage)",₹34784,N/A,(42% off),Amazon,https://www.amazon.in/Samsung-Galaxy-Smartphone-128GB-Storage/dp/B0DHL85K81/ref=sr_1_7?dib=eyJ2IjoiMSJ9.91n9dFdC2fEXiQRycBfgUUcGW0pVOROOAmOa5uvog6TctmeNw3wU1hQLzpBwr5JA4WkEq22rkij3JkymrHJcm28VqXLo9zSFYqMX_Y-O8tBDGBErH5L7fxLEU0se2f7CVFdyUvRHxUEQpPtJRpZJn9VXHFHweHXgP549_d7pWU5QAEXYvkqKEKIdUhhu06-VleqTJ0x-onTrsXrrfxDvfh7iucaxMzAIN91g2W7c3-A.KFQ1oKbOEXL-fVicQ6ksG_NUjbhp3PI_p1buniM6SI0&dib_tag=se&keywords=s24+ultra&qid=1758214723&sr=8-7
OpenTech® Privacy Tempered Glass Screen Protector Compatible for Samsung Galaxy S24 Ultra with Edge to Edge Coverage and Easy Installation kit,₹282,N/A,(72% off),Amazon,https://www.amazon.in/Compatible-Samsung-S24-Ultra-Installation/dp/B0FCY5MVZ6/ref=sr_1_8?dib=eyJ2IjoiMSJ9.91n9dFdC2fEXiQRycBfgUUcGW0pVOROOAmOa5uvog6TctmeNw3wU1hQLzpBwr5JA4WkEq22rkij3JkymrHJcm28VqXLo9zSFYqMX_Y-O8tBDGBErH5L7fxLEU0se2f7CVFdyUvRHxUEQpPtJRpZJn9VXHFHweHXgP549_d7pWU5QAEXYvkqKEKIdUhhu06-VleqTJ0x-onTrsXrrfxDvfh7iucaxMzAIN91g2W7c3-A.KFQ1oKbOEXL-fVicQ6ksG_NUjbhp3PI_p1buniM6SI0&dib_tag=se&keywords=s24+ultra&qid=1758214723&sr=8-8
Spigen Ez Fit Tempered Glass Full Screen Protector Guard For Samsung Galaxy S24 Ultra Smartphone (2 Pack),₹1899,N/A,(5% off),Amazon,https://www.amazon.in/Spigen-Tempered-Protector-S24-Ultra/dp/B0CP32NCGL/ref=sr_1_9?dib=eyJ2IjoiMSJ9.91n9dFdC2fEXiQRycBfgUUcGW0pVOROOAmOa5uvog6TctmeNw3wU1hQLzpBwr5JA4WkEq22rkij3JkymrHJcm28VqXLo9zSFYqMX_Y-O8tBDGBErH5L7fxLEU0se2f7CVFdyUvRHxUEQpPtJRpZJn9VXHFHweHXgP549_d7pWU5QAEXYvkqKEKIdUhhu06-VleqTJ0x-onTrsXrrfxDvfh7iucaxMzAIN91g2W7c3-A.KFQ1oKbOEXL-fVicQ6ksG_NUjbhp3PI_p1buniM6SI0&dib_tag=se&keywords=s24+ultra&qid=1758214723&sr=8-9
"Spigen Liquid Air for Samsung Galaxy S24 Ultra Case, Galaxy S24 Ultra Back Cover (2024) - TPU｜Matte Black",₹1079,N/A,(40% off),Amazon,https://www.amazon.in/Spigen-Liquid-Cover-Compatible-Galaxy/dp/B0CM4VL4Z5/ref=sr_1_10?dib=eyJ2IjoiMSJ9.91n9dFdC2fEXiQRycBfgUUcGW0pVOROOAmOa5uvog6TctmeNw3wU1hQLzpBwr5JA4WkEq22rkij3JkymrHJcm28VqXLo9zSFYqMX_Y-O8tBDGBErH5L7fxLEU0se2f7CVFdyUvRHxUEQpPtJRpZJn9VXHFHweHXgP549_d7pWU5QAEXYvkqKEKIdUhhu06-VleqTJ0x-onTrsXrrfxDvfh7iucaxMzAIN91g2W7c3-A.KFQ1oKbOEXL-fVicQ6ksG_NUjbhp3PI_p1buniM6SI0&dib_tag=se&keywords=s24+ultra&qid=1758214723&sr=8-10
"Samsung Galaxy S25 Ultra 5G AI Smartphone (Titanium Gray, 12GB RAM, 256GB Storage), 200MP Camera, S Pen Included, Long Battery Life",₹116499,N/A,(10% off),Amazon,https://www.amazon.in/Samsung-Smartphone-Titanium-Snapdragon-ProVisual/dp/B0DSKMV3ZC/ref=sr_1_11?dib=eyJ2IjoiMSJ9.91n9dFdC2fEXiQRycBfgUUcGW0pVOROOAmOa5uvog6TctmeNw3wU1hQLzpBwr5JA4WkEq22rkij3JkymrHJcm28VqXLo9zSFYqMX_Y-O8tBDGBErH5L7fxLEU0se2f7CVFdyUvRHxUEQpPtJRpZJn9VXHFHweHXgP549_d7pWU5QAEXYvkqKEKIdUhhu06-VleqTJ0x-onTrsXrrfxDvfh7iucaxMzAIN91g2W7c3-A.KFQ1oKbOEXL-fVicQ6ksG_NUjbhp3PI_p1buniM6SI0&dib_tag=se&keywords=s24+ultra&qid=1758214723&sr=8-11
Amazon Brand - Solimo Camera Glass Lens Protector Ring For Samsung Galaxy S24 Ultra 5G Case Friendly with Edge-To-Edge Protector Coverage and Easy Installation(Titanium Grey),₹159,N/A,(68% off),Amazon,https://www.amazon.in/Amazon-Brand-Edge-Edge-Installation/dp/B0DQ44TS6C/ref=sr_1_12?dib=eyJ2IjoiMSJ9.91n9dFdC2fEXiQRycBfgUUcGW0pVOROOAmOa5uvog6TctmeNw3wU1hQLzpBwr5JA4WkEq22rkij3JkymrHJcm28VqXLo9zSFYqMX_Y-O8tBDGBErH5L7fxLEU0se2f7CVFdyUvRHxUEQpPtJRpZJn9VXHFHweHXgP549_d7pWU5QAEXYvkqKEKIdUhhu06-VleqTJ0x-onTrsXrrfxDvfh7iucaxMzAIN91g2W7c3-A.KFQ1oKbOEXL-fVicQ6ksG_NUjbhp3PI_p1buniM6SI0&dib_tag=se&keywords=s24+ultra&qid=1758214723&sr=8-12
"Amazon Brand - Solimo Clear Back Cover Case for Samsung Galaxy S24 Ultra | Shock Proof Design | Transparent Back Cover for Samsung Galaxy S24 Ultra (TPU, Transparent)",₹109,N/A,(69% off),Amazon,https://www.amazon.in/Amazon-Brand-Solimo-Samsung-Transparent/dp/B0F4XPXBTR/ref=sr_1_13?dib=eyJ2IjoiMSJ9.91n9dFdC2fEXiQRycBfgUUcGW0pVOROOAmOa5uvog6TctmeNw3wU1hQLzpBwr5JA4WkEq22rkij3JkymrHJcm28VqXLo9zSFYqMX_Y-O8tBDGBErH5L7fxLEU0se2f7CVFdyUvRHxUEQpPtJRpZJn9VXHFHweHXgP549_d7pWU5QAEXYvkqKEKIdUhhu06-VleqTJ0x-onTrsXrrfxDvfh7iucaxMzAIN91g2W7c3-A.KFQ1oKbOEXL-fVicQ6ksG_NUjbhp3PI_p1buniM6SI0&dib_tag=se&keywords=s24+ultra&qid=1758214723&sr=8-13
"Spigen Liquid Air for Samsung Galaxy S24 Ultra Case, Galaxy S24 Ultra Back Cover (2024) - TPU｜Marble Gray",₹1082,N/A,(40% off),Amazon,https://www.amazon.in/Spigen-Liquid-Compatible-Galaxy-Marble/dp/B0CNFB3FFW/ref=sr_1_14?dib=eyJ2IjoiMSJ9.91n9dFdC2fEXiQRycBfgUUcGW0pVOROOAmOa5uvog6TctmeNw3wU1hQLzpBwr5JA4WkEq22rkij3JkymrHJcm28VqXLo9zSFYqMX_Y-O8tBDGBErH5L7fxLEU0se2f7CVFdyUvRHxUEQpPtJRpZJn9VXHFHweHXgP549_d7pWU5QAEXYvkqKEKIdUhhu06-VleqTJ0x-onTrsXrrfxDvfh7iucaxMzAIN91g2W7c3-A.KFQ1oKbOEXL-fVicQ6ksG_NUjbhp3PI_p1buniM6SI0&dib_tag=se&keywords=s24+ultra&qid=1758214723&sr=8-14
"DIZORO Samsung S24 Ultra Case, Compatible with Mag Safe, Matte Luxury Metallic Luster Flexible TPU Wireless Charging Shockproof Case with Camera Protector (.Silver)",₹299,N/A,(67% off),Amazon,https://www.amazon.in/DIZORO-Samsung-S24-Ultra-Compatible/dp/B0FCFJDG1Z/ref=sr_1_15?dib=eyJ2IjoiMSJ9.91n9dFdC2fEXiQRycBfgUUcGW0pVOROOAmOa5uvog6TctmeNw3wU1hQLzpBwr5JA4WkEq22rkij3JkymrHJcm28VqXLo9zSFYqMX_Y-O8tBDGBErH5L7fxLEU0se2f7CVFdyUvRHxUEQpPtJRpZJn9VXHFHweHXgP549_d7pWU5QAEXYvkqKEKIdUhhu06-VleqTJ0x-onTrsXrrfxDvfh7iucaxMzAIN91g2W7c3-A.KFQ1oKbOEXL-fVicQ6ksG_NUjbhp3PI_p1buniM6SI0&dib_tag=se&keywords=s24+ultra&qid=1758214723&sr=8-15
"TheGiftKart Hybrid ShockProof Back Cover Case for Samsung Galaxy S24 Ultra 5G | Hard Case for Samsung S24 Ultra(PC & TPU, MagSafe Compatible, Built-In Stand, Translucent Smoke Matte Back, Black Sides)",₹469,N/A,(53% off),Amazon,https://www.amazon.in/TheGiftKart-Frosted-Compatible-ShockProof-Translucent/dp/B0DR7382M3/ref=sr_1_16?dib=eyJ2IjoiMSJ9.91n9dFdC2fEXiQRycBfgUUcGW0pVOROOAmOa5uvog6TctmeNw3wU1hQLzpBwr5JA4WkEq22rkij3JkymrHJcm28VqXLo9zSFYqMX_Y-O8tBDGBErH5L7fxLEU0se2f7CVFdyUvRHxUEQpPtJRpZJn9VXHFHweHXgP549_d7pWU5QAEXYvkqKEKIdUhhu06-VleqTJ0x-onTrsXrrfxDvfh7iucaxMzAIN91g2W7c3-A.KFQ1oKbOEXL-fVicQ6ksG_NUjbhp3PI_p1buniM6SI0&dib_tag=se&keywords=s24+ultra&qid=1758214723&sr=8-16
"YATWIN Silicone Back Case for Samsung Galaxy S24 Ultra, Soft-Touch Phone Back Cover for Samsung Galaxy S24 Ultra - Black",₹300,N/A,(33% off),Amazon,https://www.amazon.in/YATWIN-Samsung-Galaxy-S24-Ultra/dp/B0F7KN3M45/ref=sr_1_17?dib=eyJ2IjoiMSJ9.tKfKvZ4TNv8ZF2JZ3a-ZYI-WFcE4Rns3Jiv1ywoO72kfUZ-OdjzyymFxd-xfwWuB_eDUEc9EzVNjtxXQscfLbQ.zG4oouclIrONqy5RegNlCXrGXJc83AKrhoqWaAcQh8c&dib_tag=se&keywords=s24+ultra&qid=1758214727&sr=8-17&xpid=Q-NpPd6ex9Kxq
Tempered Glass Screen Protector for Samsung Galaxy S24 Ultra With Installation Kit,₹130.,N/A,(81% off),Amazon,https://www.amazon.in/Protector-Galaxy-S24-Ultra-Installation/dp/B0F2ZFS7GT/ref=sr_1_18?dib=eyJ2IjoiMSJ9.tKfKvZ4TNv8ZF2JZ3a-ZYI-WFcE4Rns3Jiv1ywoO72kfUZ-OdjzyymFxd-xfwWuB_eDUEc9EzVNjtxXQscfLbQ.zG4oouclIrONqy5RegNlCXrGXJc83AKrhoqWaAcQh8c&dib_tag=se&keywords=s24+ultra&qid=1758214727&sr=8-18&xpid=Q-NpPd6ex9Kxq
"Spigen Liquid Air for Samsung Galaxy S24 Ultra Case, Galaxy S24 Ultra Back Cover (2024) - TPU｜Deep Purple",₹1079,N/A,(40% off),Amazon,https://www.amazon.in/Spigen-Liquid-Compatible-Galaxy-Purple/dp/B0CNFBF58P/ref=sr_1_19?dib=eyJ2IjoiMSJ9.tKfKvZ4TNv8ZF2JZ3a-ZYI-WFcE4Rns3Jiv1ywoO72kfUZ-OdjzyymFxd-xfwWuB_eDUEc9EzVNjtxXQscfLbQ.zG4oouclIrONqy5RegNlCXrGXJc83AKrhoqWaAcQh8c&dib_tag=se&keywords=s24+ultra&qid=1758214727&sr=8-19&xpid=Q-NpPd6ex9Kxq
Spigen EZ Fit Optik Pro Tempered Glass Camera Lens Protector Guard for Galaxy S24 Ultra (Black) - 2 Pack,₹1499,N/A,(48% off),Amazon,https://www.amazon.in/Spigen-Tempered-Camera-Protector-Galaxy/dp/B0CN8NDQYG/ref=sr_1_20?dib=eyJ2IjoiMSJ9.tKfKvZ4TNv8ZF2JZ3a-ZYI-WFcE4Rns3Jiv1ywoO72kfUZ-OdjzyymFxd-xfwWuB_eDUEc9EzVNjtxXQscfLbQ.zG4oouclIrONqy5RegNlCXrGXJc83AKrhoqWaAcQh8c&dib_tag=se&keywords=s24+ultra&qid=1758214727&sr=8-20&xpid=Q-NpPd6ex9Kxq
Amazon Brand - Solimo Rubber Ultra-Thin Blade Runner Series Matte Finished Camera Protection Soft Back Cover for Samsung Galaxy S24 Ultra - Black,₹129,N/A,(74% off),Amazon,https://www.amazon.in/Amazon-Brand-Ultra-Thin-Finished-Protection/dp/B0F32TKV63/ref=sr_1_21?dib=eyJ2IjoiMSJ9.tKfKvZ4TNv8ZF2JZ3a-ZYI-WFcE4Rns3Jiv1ywoO72kfUZ-OdjzyymFxd-xfwWuB_eDUEc9EzVNjtxXQscfLbQ.zG4oouclIrONqy5RegNlCXrGXJc83AKrhoqWaAcQh8c&dib_tag=se&keywords=s24+ultra&qid=1758214727&sr=8-21&xpid=Q-NpPd6ex9Kxq
"Samsung Galaxy S24 Ultra 5G (Titanium Violet, 256 GB)","₹84,894",4.6 out of 5,(37% off),Flipkart,https://www.flipkart.comhttps://www.flipkart.com/samsung-galaxy-s24-ultra-5g-titanium-violet-256-gb/p/itm40a42309a03b1?pid=MOBH3P4UHZHQVRYT&lid=LSTMOBH3P4UHZHQVRYTF0HHR5&marketplace=FLIPKART&q=s24+ultra&store=tyy%2F4io&srno=s_1_1&otracker=search&fm=organic&iid=1227a070-4bd8-4934-b901-aecb61b590bb.MOBH3P4UHZHQVRYT.SEARCH&ppt=None&ppn=None&ssid=74xd64wl400000001758214734664&qH=9645cd762e4dc77e
"Samsung Galaxy S24 Ultra 5G (Titanium Gray, 256 GB)","₹89,999",4.6 out of 5,(33% off),Flipkart,https://www.flipkart.comhttps://www.flipkart.com/samsung-galaxy-s24-ultra-5g-titanium-gray-256-gb/p/itm9ae0e397e0b0d?pid=MOBH3P4UBUYFSDWV&lid=LSTMOBH3P4UBUYFSDWVVV57X1&marketplace=FLIPKART&q=s24+ultra&store=tyy%2F4io&srno=s_1_2&otracker=search&fm=organic&iid=1227a070-4bd8-4934-b901-aecb61b590bb.MOBH3P4UBUYFSDWV.SEARCH&ppt=None&ppn=None&ssid=74xd64wl400000001758214734664&qH=9645cd762e4dc77e
"Samsung Galaxy S24 Ultra 5G (Titanium Gray, 256 GB)","₹84,895",4.6 out of 5,(37% off),Flipkart,https://www.flipkart.comhttps://www.flipkart.com/samsung-galaxy-s24-ultra-5g-titanium-gray-256-gb/p/itm12ef5ea0212ed?pid=MOBGX2F3RQKKKTAW&lid=LSTMOBGX2F3RQKKKTAWHRJXLB&marketplace=FLIPKART&q=s24+ultra&store=tyy%2F4io&srno=s_1_3&otracker=search&fm=organic&iid=1227a070-4bd8-4934-b901-aecb61b590bb.MOBGX2F3RQKKKTAW.SEARCH&ppt=None&ppn=None&ssid=74xd64wl400000001758214734664&qH=9645cd762e4dc77e
"Samsung Galaxy S24 Ultra 5G (Titanium Black, 256 GB)","₹89,999",4.6 out of 5,(33% off),Flipkart,https://www.flipkart.comhttps://www.flipkart.com/samsung-galaxy-s24-ultra-5g-titanium-black-256-gb/p/itm60d6a4ba69e8c?pid=MOBGX2F3QGZYYZAK&lid=LSTMOBGX2F3QGZYYZAKCPF8HI&marketplace=FLIPKART&q=s24+ultra&store=tyy%2F4io&srno=s_1_4&otracker=search&fm=organic&iid=1227a070-4bd8-4934-b901-aecb61b590bb.MOBGX2F3QGZYYZAK.SEARCH&ppt=None&ppn=None&ssid=74xd64wl400000001758214734664&qH=9645cd762e4dc77e
"Samsung Galaxy S24 Ultra 5G (Titanium Violet, 256 GB)","₹1,19,999",4.6 out of 5,(11% off),Flipkart,https://www.flipkart.comhttps://www.flipkart.com/samsung-galaxy-s24-ultra-5g-titanium-violet-256-gb/p/itmd4f51262e3e6b?pid=MOBGX2F38JBJGZSE&lid=LSTMOBGX2F38JBJGZSEQTXTOR&marketplace=FLIPKART&q=s24+ultra&store=tyy%2F4io&srno=s_1_5&otracker=search&fm=organic&iid=1227a070-4bd8-4934-b901-aecb61b590bb.MOBGX2F38JBJGZSE.SEARCH&ppt=None&ppn=None&ssid=74xd64wl400000001758214734664&qH=9645cd762e4dc77e
"Samsung Galaxy S24 Ultra 5G (Titanium Yellow, 256 GB)","₹88,899",4.6 out of 5,(34% off),Flipkart,https://www.flipkart.comhttps://www.flipkart.com/samsung-galaxy-s24-ultra-5g-titanium-yellow-256-gb/p/itm604cfea4e0d9b?pid=MOBH3P4UWGB8DZTP&lid=LSTMOBH3P4UWGB8DZTPTUMEQE&marketplace=FLIPKART&q=s24+ultra&store=tyy%2F4io&srno=s_1_6&otracker=search&fm=organic&iid=1227a070-4bd8-4934-b901-aecb61b590bb.MOBH3P4UWGB8DZTP.SEARCH&ppt=None&ppn=None&ssid=74xd64wl400000001758214734664&qH=9645cd762e4dc77e
"Samsung Galaxy S24 Ultra 5G (Titanium Black, 512 GB)","₹1,18,999",4.6 out of 5,(17% off),Flipkart,https://www.flipkart.comhttps://www.flipkart.com/samsung-galaxy-s24-ultra-5g-titanium-black-512-gb/p/itmfde5d3afe6bda?pid=MOBGX2F32TYCRKMF&lid=LSTMOBGX2F32TYCRKMFNAIC1S&marketplace=FLIPKART&q=s24+ultra&store=tyy%2F4io&srno=s_1_7&otracker=search&fm=organic&iid=1227a070-4bd8-4934-b901-aecb61b590bb.MOBGX2F32TYCRKMF.SEARCH&ppt=None&ppn=None&ssid=74xd64wl400000001758214734664&qH=9645cd762e4dc77e
"Samsung Galaxy S24 Ultra 5G (Titanium Yellow, 256 GB)","₹1,19,999",4.6 out of 5,(11% off),Flipkart,https://www.flipkart.comhttps://www.flipkart.com/samsung-galaxy-s24-ultra-5g-titanium-yellow-256-gb/p/itmeda50bc408d7d?pid=MOBHFRB2F96W6YYS&lid=LSTMOBHFRB2F96W6YYSRNYU8G&marketplace=FLIPKART&q=s24+ultra&store=tyy%2F4io&srno=s_1_8&otracker=search&fm=organic&iid=1227a070-4bd8-4934-b901-aecb61b590bb.MOBHFRB2F96W6YYS.SEARCH&ppt=None&ppn=None&ssid=74xd64wl400000001758214734664&qH=9645cd762e4dc77e
"Samsung Galaxy S24 Ultra 5G (Titanium Violet, 512 GB)","₹1,29,999",4.6 out of 5,(10% off),Flipkart,https://www.flipkart.comhttps://www.flipkart.com/samsung-galaxy-s24-ultra-5g-titanium-violet-512-gb/p/itmb65a445764f10?pid=MOBGX2F3PHGQHXSB&lid=LSTMOBGX2F3PHGQHXSBOO4CVF&marketplace=FLIPKART&q=s24+ultra&store=tyy%2F4io&srno=s_1_9&otracker=search&fm=organic&iid=1227a070-4bd8-4934-b901-aecb61b590bb.MOBGX2F3PHGQHXSB.SEARCH&ppt=None&ppn=None&ssid=74xd64wl400000001758214734664&qH=9645cd762e4dc77e
"Samsung Galaxy S24 Ultra 5G (Titanium Gray, 512 GB)","₹1,29,999",4.6 out of 5,(10% off),Flipkart,https://www.flipkart.comhttps://www.flipkart.com/samsung-galaxy-s24-ultra-5g-titanium-gray-512-gb/p/itm463827d6eb2be?pid=MOBGX2F3XNW3HK8K&lid=LSTMOBGX2F3XNW3HK8KEJDXPP&marketplace=FLIPKART&q=s24+ultra&store=tyy%2F4io&srno=s_1_10&otracker=search&fm=organic&iid=1227a070-4bd8-4934-b901-aecb61b590bb.MOBGX2F3XNW3HK8K.SEARCH&ppt=None&ppn=None&ssid=74xd64wl400000001758214734664&qH=9645cd762e4dc77e
"Samsung Galaxy S24 5G Snapdragon (Cobalt Violet, 256 GB)","₹70,999",4.6 out of 5,(11% off),Flipkart,https://www.flipkart.comhttps://www.flipkart.com/samsung-galaxy-s24-5g-snapdragon-cobalt-violet-256-gb/p/itm0e4552c03ca7c?pid=MOBHDVFKKYGS2K9T&lid=LSTMOBHDVFKKYGS2K9TEOX3VK&marketplace=FLIPKART&q=s24+ultra&store=tyy%2F4io&srno=s_1_11&otracker=search&fm=organic&iid=1227a070-4bd8-4934-b901-aecb61b590bb.MOBHDVFKKYGS2K9T.SEARCH&ppt=None&ppn=None&ssid=74xd64wl400000001758214734664&qH=9645cd762e4dc77e
"Samsung Galaxy S24 5G Snapdragon (Onyx Black, 256 GB)","₹70,999",4.6 out of 5,(11% off),Flipkart,https://www.flipkart.comhttps://www.flipkart.com/samsung-galaxy-s24-5g-snapdragon-onyx-black-256-gb/p/itm0eb31619428e4?pid=MOBHDVFKVGGGHBDX&lid=LSTMOBHDVFKVGGGHBDXFWSCXD&marketplace=FLIPKART&q=s24+ultra&store=tyy%2F4io&srno=s_1_12&otracker=search&fm=organic&iid=1227a070-4bd8-4934-b901-aecb61b590bb.MOBHDVFKVGGGHBDX.SEARCH&ppt=None&ppn=None&ssid=74xd64wl400000001758214734664&qH=9645cd762e4dc77e
"Samsung Galaxy S24 5G Snapdragon (Marble Gray, 128 GB)","₹64,999",4.6 out of 5,(13% off),Flipkart,https://www.flipkart.comhttps://www.flipkart.com/samsung-galaxy-s24-5g-snapdragon-marble-gray-128-gb/p/itm8f6413060b707?pid=MOBHDVFKCP3DZG4G&lid=LSTMOBHDVFKCP3DZG4GNMA6GO&marketplace=FLIPKART&q=s24+ultra&store=tyy%2F4io&srno=s_1_13&otracker=search&fm=organic&iid=1227a070-4bd8-4934-b901-aecb61b590bb.MOBHDVFKCP3DZG4G.SEARCH&ppt=None&ppn=None&ssid=74xd64wl400000001758214734664&qH=9645cd762e4dc77e
"Samsung Galaxy S24 5G Snapdragon (Onyx Black, 128 GB)","₹64,999",4.6 out of 5,(13% off),Flipkart,https://www.flipkart.comhttps://www.flipkart.com/samsung-galaxy-s24-5g-snapdragon-onyx-black-128-gb/p/itm3469a7107606f?pid=MOBHDVFKSSHPUYHB&lid=LSTMOBHDVFKSSHPUYHBXUF3VR&marketplace=FLIPKART&q=s24+ultra&store=tyy%2F4io&srno=s_1_14&otracker=search&fm=organic&iid=1227a070-4bd8-4934-b901-aecb61b590bb.MOBHDVFKSSHPUYHB.SEARCH&ppt=None&ppn=None&ssid=74xd64wl400000001758214734664&qH=9645cd762e4dc77e
"Samsung Galaxy S24 5G Snapdragon (Amber Yellow, 128 GB)","₹64,999",4.6 out of 5,(13% off),Flipkart,https://www.flipkart.comhttps://www.flipkart.com/samsung-galaxy-s24-5g-snapdragon-amber-yellow-128-gb/p/itmd4baa945a78ef?pid=MOBHDVFKSZNEZGXW&lid=LSTMOBHDVFKSZNEZGXWFNGEN2&marketplace=FLIPKART&q=s24+ultra&store=tyy%2F4io&spotlightTagId=default_TrendingId_tyy%2F4io&srno=s_1_15&otracker=search&fm=organic&iid=1227a070-4bd8-4934-b901-aecb61b590bb.MOBHDVFKSZNEZGXW.SEARCH&ppt=None&ppn=None&ssid=74xd64wl400000001758214734664&qH=9645cd762e4dc77e
"Samsung Galaxy S24 5G Snapdragon (Cobalt Violet, 128 GB)","₹64,999",4.6 out of 5,(13% off),Flipkart,https://www.flipkart.comhttps://www.flipkart.com/samsung-galaxy-s24-5g-snapdragon-cobalt-violet-128-gb/p/itm994d8dcac3256?pid=MOBHDVFKTRZHMETK&lid=LSTMOBHDVFKTRZHMETKIJ2HY7&marketplace=FLIPKART&q=s24+ultra&store=tyy%2F4io&srno=s_1_16&otracker=search&fm=organic&iid=1227a070-4bd8-4934-b901-aecb61b590bb.MOBHDVFKTRZHMETK.SEARCH&ppt=None&ppn=None&ssid=74xd64wl400000001758214734664&qH=9645cd762e4dc77e
"Samsung Galaxy S24 5G Snapdragon (Marble Gray, 256 GB)","₹70,999",4.6 out of 5,(11% off),Flipkart,https://www.flipkart.comhttps://www.flipkart.com/samsung-galaxy-s24-5g-snapdragon-marble-gray-256-gb/p/itmc60e0c4fb63b7?pid=MOBHDVFKAWDVHJTU&lid=LSTMOBHDVFKAWDVHJTUK7PT9L&marketplace=FLIPKART&q=s24+ultra&store=tyy%2F4io&srno=s_1_17&otracker=search&fm=organic&iid=1227a070-4bd8-4934-b901-aecb61b590bb.MOBHDVFKAWDVHJTU.SEARCH&ppt=None&ppn=None&ssid=74xd64wl400000001758214734664&qH=9645cd762e4dc77e
"Samsung Galaxy S24 5G Snapdragon (Amber Yellow, 256 GB)","₹70,999",4.6 out of 5,(11% off),Flipkart,https://www.flipkart.comhttps://www.flipkart.com/samsung-galaxy-s24-5g-snapdragon-amber-yellow-256-gb/p/itm170d9f8c2ec9c?pid=MOBHDVFKDNDVPYMK&lid=LSTMOBHDVFKDNDVPYMKUSXEMP&marketplace=FLIPKART&q=s24+ultra&store=tyy%2F4io&srno=s_1_18&otracker=search&fm=organic&iid=1227a070-4bd8-4934-b901-aecb61b590bb.MOBHDVFKDNDVPYMK.SEARCH&ppt=None&ppn=None&ssid=74xd64wl400000001758214734664&qH=9645cd762e4dc77e
"Samsung Galaxy S24 Ultra 5G (Titanium Black, 256 GB)","₹79,999",4.6 out of 5,(40% off),Flipkart,https://www.flipkart.comhttps://www.flipkart.com/samsung-galaxy-s24-ultra-5g-titanium-black-256-gb/p/itm7d3b6b5d0f501?pid=MOBH3P4UM6ACEC2M&lid=LSTMOBH3P4UM6ACEC2MQ8G8AG&marketplace=FLIPKART&q=s24+ultra&store=tyy%2F4io&srno=s_1_19&otracker=search&fm=organic&iid=1227a070-4bd8-4934-b901-aecb61b590bb.MOBH3P4UM6ACEC2M.SEARCH&ppt=None&ppn=None&ssid=74xd64wl400000001758214734664&qH=9645cd762e4dc77e
"Samsung Galaxy S24 Ultra 5G (Titanium Gray, 512 GB)","₹1,02,000",4.6 out of 5,(29% off),Flipkart,https://www.flipkart.comhttps://www.flipkart.com/samsung-galaxy-s24-ultra-5g-titanium-gray-512-gb/p/itm5762012bf24c4?pid=MOBH3P4UJM9DYASX&lid=LSTMOBH3P4UJM9DYASXFTG4YJ&marketplace=FLIPKART&q=s24+ultra&store=tyy%2F4io&srno=s_1_20&otracker=search&fm=organic&iid=1227a070-4bd8-4934-b901-aecb61b590bb.MOBH3P4UJM9DYASX.SEARCH&ppt=None&ppn=None&ssid=74xd64wl400000001758214734664&qH=9645cd762e4dc77e
"Samsung Galaxy S24 Ultra 5G (Titanium Yellow, 512 GB)","₹86,500",4.6 out of 5,(40% off),Flipkart,https://www.flipkart.comhttps://www.flipkart.com/samsung-galaxy-s24-ultra-5g-titanium-yellow-512-gb/p/itm098bd57b927dc?pid=MOBHFRB2EP4WT6JM&lid=LSTMOBHFRB2EP4WT6JMYU1UEQ&marketplace=FLIPKART&q=s24+ultra&store=tyy%2F4io&srno=s_1_21&otracker=search&fm=organic&iid=1227a070-4bd8-4934-b901-aecb61b590bb.MOBHFRB2EP4WT6JM.SEARCH&ppt=None&ppn=None&ssid=74xd64wl400000001758214734664&qH=9645cd762e4dc77e
"Samsung Galaxy S24 Ultra 5G (Titanium Yellow, 512 GB)","₹92,999",4.6 out of 5,(35% off),Flipkart,https://www.flipkart.comhttps://www.flipkart.com/samsung-galaxy-s24-ultra-5g-titanium-yellow-512-gb/p/itmc2ea635530e53?pid=MOBH3P4UQRS8EYTB&lid=LSTMOBH3P4UQRS8EYTBXSLBD6&marketplace=FLIPKART&q=s24+ultra&store=tyy%2F4io&srno=s_1_22&otracker=search&fm=organic&iid=1227a070-4bd8-4934-b901-aecb61b590bb.MOBH3P4UQRS8EYTB.SEARCH&ppt=None&ppn=None&ssid=74xd64wl400000001758214734664&qH=9645cd762e4dc77e
"Samsung Galaxy S24 Ultra 5G (Titanium Orange, 256 GB)","₹1,34,990",4.6 out of 5,N/A,Flipkart,https://www.flipkart.comhttps://www.flipkart.com/samsung-galaxy-s24-ultra-5g-titanium-orange-256-gb/p/itmb8642f7449e74?pid=MOBH6S45KUFTSZQY&lid=LSTMOBH6S45KUFTSZQYUPHW3L&marketplace=FLIPKART&q=s24+ultra&store=tyy%2F4io&srno=s_1_23&otracker=search&fm=organic&iid=1227a070-4bd8-4934-b901-aecb61b590bb.MOBH6S45KUFTSZQY.SEARCH&ppt=None&ppn=None&ssid=74xd64wl400000001758214734664&qH=9645cd762e4dc77e
"Samsung Galaxy S24 Ultra 5G (Titanium Gray, 1 TB)","₹1,49,999",4.6 out of 5,(9% off),Flipkart,https://www.flipkart.comhttps://www.flipkart.com/samsung-galaxy-s24-ultra-5g-titanium-gray-1-tb/p/itm1bb57d54d6473?pid=MOBGX2F3YAKBFZJB&lid=LSTMOBGX2F3YAKBFZJBKRLUS2&marketplace=FLIPKART&q=s24+ultra&store=tyy%2F4io&srno=s_1_24&otracker=search&fm=organic&iid=1227a070-4bd8-4934-b901-aecb61b590bb.MOBGX2F3YAKBFZJB.SEARCH&ppt=None&ppn=None&ssid=74xd64wl400000001758214734664&qH=9645cd762e4dc77e
"Samsung Galaxy S24 Ultra 5G (Titanium Violet, 512 GB)","₹1,44,899",4.6 out of 5,N/A,Flipkart,https://www.flipkart.comhttps://www.flipkart.com/samsung-galaxy-s24-ultra-5g-titanium-violet-512-gb/p/itm840a91e67ff4d?pid=MOBH3P4UGEHZTPMS&lid=LSTMOBH3P4UGEHZTPMS8G3COU&marketplace=FLIPKART&q=s24+ultra&store=tyy%2F4io&srno=s_2_25&otracker=search&fm=organic&iid=2e47b98b-1b90-442a-b1b1-2efc5abdfafe.MOBH3P4UGEHZTPMS.SEARCH&ppt=None&ppn=None&ssid=ptr8a1vpzk0000001758214742427&qH=9645cd762e4dc77e
"(Refurbished) Samsung Galaxy S24 Ultra 5G (Titanium Gray, 256 GB)","₹88,999",N/A,(34% off),Flipkart,https://www.flipkart.comhttps://www.flipkart.com/refurbished-samsung-galaxy-s24-ultra-5g-titanium-gray-256-gb/p/itm22e00d7b1fbe3?pid=MFRH29SFFVV5XF78&lid=LSTMFRH29SFFVV5XF785Y1THY&marketplace=FLIPKART&bu=REFURBISHED&q=s24+ultra&store=tyy%2F4io&srno=s_2_26&otracker=search&fm=organic&iid=2e47b98b-1b90-442a-b1b1-2efc5abdfafe.MFRH29SFFVV5XF78.SEARCH&ppt=None&ppn=None&ssid=ptr8a1vpzk0000001758214742427&qH=9645cd762e4dc77e
"Samsung Galaxy S24+ 5G (Cobalt Violet, 256 GB)","₹59,999",4.5 out of 5,(40% off),Flipkart,https://www.flipkart.comhttps://www.flipkart.com/samsung-galaxy-s24-5g-cobalt-violet-256-gb/p/itm46fc37ddc7255?pid=MOBGX2F3GDX7QYFT&lid=LSTMOBGX2F3GDX7QYFTYIFELT&marketplace=FLIPKART&q=s24+ultra&store=tyy%2F4io&srno=s_2_27&otracker=search&fm=organic&iid=2e47b98b-1b90-442a-b1b1-2efc5abdfafe.MOBGX2F3GDX7QYFT.SEARCH&ppt=None&ppn=None&ssid=ptr8a1vpzk0000001758214742427&qH=9645cd762e4dc77e
"Samsung Galaxy S24 FE 5G (Mint, 256 GB)","₹45,999",4.5 out of 5,(30% off),Flipkart,https://www.flipkart.comhttps://www.flipkart.com/samsung-galaxy-s24-fe-5g-mint-256-gb/p/itme960199e26f23?pid=MOBH4ZG3JACNJMZC&lid=LSTMOBH4ZG3JACNJMZCFREL85&marketplace=FLIPKART&q=s24+ultra&store=tyy%2F4io&srno=s_2_28&otracker=search&fm=organic&iid=2e47b98b-1b90-442a-b1b1-2efc5abdfafe.MOBH4ZG3JACNJMZC.SEARCH&ppt=None&ppn=None&ssid=ptr8a1vpzk0000001758214742427&qH=9645cd762e4dc77e
"Samsung Galaxy S24 FE 5G (Mint, 128 GB)","₹39,999",4.5 out of 5,(33% off),Flipkart,https://www.flipkart.comhttps://www.flipkart.com/samsung-galaxy-s24-fe-5g-mint-128-gb/p/itme960199e26f23?pid=MOBH4ZG3TSXHKXH2&lid=LSTMOBH4ZG3TSXHKXH2BH0BQS&marketplace=FLIPKART&q=s24+ultra&store=tyy%2F4io&srno=s_2_29&otracker=search&fm=organic&iid=2e47b98b-1b90-442a-b1b1-2efc5abdfafe.MOBH4ZG3TSXHKXH2.SEARCH&ppt=None&ppn=None&ssid=ptr8a1vpzk0000001758214742427&qH=9645cd762e4dc77e
"Samsung Galaxy S24 FE 5G (Graphite, 256 GB)","₹45,999",4.5 out of 5,(30% off),Flipkart,https://www.flipkart.comhttps://www.flipkart.com/samsung-galaxy-s24-fe-5g-graphite-256-gb/p/itme960199e26f23?pid=MOBH4ZG3KPRR7HWZ&lid=LSTMOBH4ZG3KPRR7HWZWYHPPG&marketplace=FLIPKART&q=s24+ultra&store=tyy%2F4io&spotlightTagId=default_BestsellerId_tyy%2F4io&srno=s_2_30&otracker=search&fm=organic&iid=2e47b98b-1b90-442a-b1b1-2efc5abdfafe.MOBH4ZG3KPRR7HWZ.SEARCH&ppt=None&ppn=None&ssid=ptr8a1vpzk0000001758214742427&qH=9645cd762e4dc77e
"Samsung Galaxy S24+ 5G (Onyx Black, 256 GB)","₹59,999",4.5 out of 5,(40% off),Flipkart,https://www.flipkart.comhttps://www.flipkart.com/samsung-galaxy-s24-5g-onyx-black-256-gb/p/itm325da4a26d7bb?pid=MOBGX2F3HVJYNHUV&lid=LSTMOBGX2F3HVJYNHUVPMFBMF&marketplace=FLIPKART&q=s24+ultra&store=tyy%2F4io&srno=s_2_31&otracker=search&fm=organic&iid=2e47b98b-1b90-442a-b1b1-2efc5abdfafe.MOBGX2F3HVJYNHUV.SEARCH&ppt=None&ppn=None&ssid=ptr8a1vpzk0000001758214742427&qH=9645cd762e4dc77e
"Samsung Galaxy S24 FE 5G (Blue, 128 GB)","₹39,999",4.5 out of 5,(33% off),Flipkart,https://www.flipkart.comhttps://www.flipkart.com/samsung-galaxy-s24-fe-5g-blue-128-gb/p/itme960199e26f23?pid=MOBH4ZG3Z5NCBW2H&lid=LSTMOBH4ZG3Z5NCBW2HWQMO2K&marketplace=FLIPKART&q=s24+ultra&store=tyy%2F4io&srno=s_2_32&otracker=search&fm=organic&iid=2e47b98b-1b90-442a-b1b1-2efc5abdfafe.MOBH4ZG3Z5NCBW2H.SEARCH&ppt=None&ppn=None&ssid=ptr8a1vpzk0000001758214742427&qH=9645cd762e4dc77e
"Samsung Galaxy S24 FE 5G (Blue, 256 GB)","₹45,999",4.5 out of 5,(30% off),Flipkart,https://www.flipkart.comhttps://www.flipkart.com/samsung-galaxy-s24-fe-5g-blue-256-gb/p/itme960199e26f23?pid=MOBH4ZG3E9SB6WDQ&lid=LSTMOBH4ZG3E9SB6WDQVVLSZR&marketplace=FLIPKART&q=s24+ultra&store=tyy%2F4io&srno=s_2_33&otracker=search&fm=organic&iid=2e47b98b-1b90-442a-b1b1-2efc5abdfafe.MOBH4ZG3E9SB6WDQ.SEARCH&ppt=None&ppn=None&ssid=ptr8a1vpzk0000001758214742427&qH=9645cd762e4dc77e
"Samsung Galaxy S24 FE 5G (Graphite, 128 GB)","₹39,999",4.5 out of 5,(33% off),Flipkart,https://www.flipkart.comhttps://www.flipkart.com/samsung-galaxy-s24-fe-5g-graphite-128-gb/p/itme960199e26f23?pid=MOBH4ZG33EBNZKS7&lid=LSTMOBH4ZG33EBNZKS751CITE&marketplace=FLIPKART&q=s24+ultra&store=tyy%2F4io&spotlightTagId=default_BestsellerId_tyy%2F4io&srno=s_2_34&otracker=search&fm=organic&iid=2e47b98b-1b90-442a-b1b1-2efc5abdfafe.MOBH4ZG33EBNZKS7.SEARCH&ppt=None&ppn=None&ssid=ptr8a1vpzk0000001758214742427&qH=9645cd762e4dc77e
"Samsung M55s (Thunder Black, 128 GB)","₹17,399",4.1 out of 5,(40% off),Flipkart,https://www.flipkart.comhttps://www.flipkart.com/samsung-m55s-thunder-black-128-gb/p/itm8f413dae3cfac?pid=MOBH549ARXFXDBHG&lid=LSTMOBH549ARXFXDBHGZFXC4E&marketplace=FLIPKART&q=s24+ultra&store=tyy%2F4io&srno=s_2_35&otracker=search&fm=organic&iid=2e47b98b-1b90-442a-b1b1-2efc5abdfafe.MOBH549ARXFXDBHG.SEARCH&ppt=None&ppn=None&ssid=ptr8a1vpzk0000001758214742427&qH=9645cd762e4dc77e
"Samsung M55s (Coral Green, 128 GB)","₹17,477",4.1 out of 5,(39% off),Flipkart,https://www.flipkart.comhttps://www.flipkart.com/samsung-m55s-coral-green-128-gb/p/itm5aa7656c5162d?pid=MOBH53VWJYJTGXN4&lid=LSTMOBH53VWJYJTGXN4HOHOQM&marketplace=FLIPKART&q=s24+ultra&store=tyy%2F4io&srno=s_2_36&otracker=search&fm=organic&iid=2e47b98b-1b90-442a-b1b1-2efc5abdfafe.MOBH53VWJYJTGXN4.SEARCH&ppt=None&ppn=None&ssid=ptr8a1vpzk0000001758214742427&qH=9645cd762e4dc77e
"Samsung Galaxy A05s (Light Violet, 128 GB)","₹15,850",4.2 out of 5,N/A,Flipkart,https://www.flipkart.comhttps://www.flipkart.com/samsung-galaxy-a05s-light-violet-128-gb/p/itm4880d3ea5c526?pid=MOBGTZ6WZBEMEBHK&lid=LSTMOBGTZ6WZBEMEBHKHH0ARY&marketplace=FLIPKART&q=s24+ultra&store=tyy%2F4io&srno=s_2_37&otracker=search&fm=organic&iid=2e47b98b-1b90-442a-b1b1-2efc5abdfafe.MOBGTZ6WZBEMEBHK.SEARCH&ppt=None&ppn=None&ssid=ptr8a1vpzk0000001758214742427&qH=9645cd762e4dc77e
"Samsung Galaxy S7 (Gold Platinum, 32 GB)","₹46,000",4.4 out of 5,N/A,Flipkart,https://www.flipkart.comhttps://www.flipkart.com/samsung-galaxy-s7-gold-platinum-32-gb/p/itmeuyda4qgqetc6?pid=MOBEGFZPWJHYT7NX&lid=LSTMOBEGFZPWJHYT7NXKNHWSQ&marketplace=FLIPKART&q=s24+ultra&store=tyy%2F4io&srno=s_2_38&otracker=search&fm=organic&iid=2e47b98b-1b90-442a-b1b1-2efc5abdfafe.MOBEGFZPWJHYT7NX.SEARCH&ppt=None&ppn=None&ssid=ptr8a1vpzk0000001758214742427&qH=9645cd762e4dc77e
"Samsung Galaxy A05s (Light Green, 128 GB)","₹10,999",4.1 out of 5,(37% off),Flipkart,https://www.flipkart.comhttps://www.flipkart.com/samsung-galaxy-a05s-light-green-128-gb/p/itm75aac6650c9dd?pid=MOBGTZ6W6GHRZSDP&lid=LSTMOBGTZ6W6GHRZSDPY4MCHP&marketplace=FLIPKART&q=s24+ultra&store=tyy%2F4io&srno=s_2_39&otracker=search&fm=organic&iid=2e47b98b-1b90-442a-b1b1-2efc5abdfafe.MOBGTZ6W6GHRZSDP.SEARCH&ppt=None&ppn=None&ssid=ptr8a1vpzk0000001758214742427&qH=9645cd762e4dc77e
"Samsung Galaxy A03s (White, 32 GB)","₹8,890",4 out of 5,(34% off),Flipkart,https://www.flipkart.comhttps://www.flipkart.com/samsung-galaxy-a03s-white-32-gb/p/itm418fde1930794?pid=MOBG5NK9VVKEGQCG&lid=LSTMOBG5NK9VVKEGQCGLWY2CE&marketplace=FLIPKART&q=s24+ultra&store=tyy%2F4io&srno=s_2_40&otracker=search&fm=organic&iid=2e47b98b-1b90-442a-b1b1-2efc5abdfafe.MOBG5NK9VVKEGQCG.SEARCH&ppt=None&ppn=None&ssid=ptr8a1vpzk0000001758214742427&qH=9645cd762e4dc77e
"Samsung Galaxy A50s (Prism Crush White, 128 GB)","₹24,900",4.3 out of 5,N/A,Flipkart,https://www.flipkart.comhttps://www.flipkart.com/samsung-galaxy-a50s-prism-crush-white-128-gb/p/itmed3b8b449ec8d?pid=MOBFK4REFQTCSVNA&lid=LSTMOBFK4REFQTCSVNARKTPWM&marketplace=FLIPKART&q=s24+ultra&store=tyy%2F4io&srno=s_2_41&otracker=search&fm=organic&iid=2e47b98b-1b90-442a-b1b1-2efc5abdfafe.MOBFK4REFQTCSVNA.SEARCH&ppt=None&ppn=None&ssid=ptr8a1vpzk0000001758214742427&qH=9645cd762e4dc77e
"Samsung Galaxy A05s (Light Green, 128 GB)","₹9,990",4.2 out of 5,(37% off),Flipkart,https://www.flipkart.comhttps://www.flipkart.com/samsung-galaxy-a05s-light-green-128-gb/p/itm1f29d7a2cf9da?pid=MOBGTZ6WGVNNMZCH&lid=LSTMOBGTZ6WGVNNMZCH1HYWCQ&marketplace=FLIPKART&q=s24+ultra&store=tyy%2F4io&srno=s_2_42&otracker=search&fm=organic&iid=2e47b98b-1b90-442a-b1b1-2efc5abdfafe.MOBGTZ6WGVNNMZCH.SEARCH&ppt=None&ppn=None&ssid=ptr8a1vpzk0000001758214742427&qH=9645cd762e4dc77e
"Samsung M55s 5G (Thunder Black, 256 GB GB)","₹19,999",4.3 out of 5,(31% off),Flipkart,https://www.flipkart.comhttps://www.flipkart.com/samsung-m55s-5g-thunder-black-256-gb-gb/p/itm1170987ced957?pid=MOBHB4GVYPJHCXKQ&lid=LSTMOBHB4GVYPJHCXKQGPCM6V&marketplace=FLIPKART&q=s24+ultra&store=tyy%2F4io&srno=s_2_43&otracker=search&fm=organic&iid=2e47b98b-1b90-442a-b1b1-2efc5abdfafe.MOBHB4GVYPJHCXKQ.SEARCH&ppt=None&ppn=None&ssid=ptr8a1vpzk0000001758214742427&qH=9645cd762e4dc77e
"Samsung Galaxy F04 (Jade Purple, 64 GB)","₹7,999",4.2 out of 5,(30% off),Flipkart,https://www.flipkart.comhttps://www.flipkart.com/samsung-galaxy-f04-jade-purple-64-gb/p/itm0934dc56a1df7?pid=MOBGKY2VTP3XETBR&lid=LSTMOBGKY2VTP3XETBRLLOIP1&marketplace=FLIPKART&q=s24+ultra&store=tyy%2F4io&srno=s_2_44&otracker=search&fm=organic&iid=2e47b98b-1b90-442a-b1b1-2efc5abdfafe.MOBGKY2VTP3XETBR.SEARCH&ppt=None&ppn=None&ssid=ptr8a1vpzk0000001758214742427&qH=9645cd762e4dc77e
"Samsung Galaxy A05s (Black, 128 GB)","₹10,999",4.1 out of 5,(37% off),Flipkart,https://www.flipkart.comhttps://www.flipkart.com/samsung-galaxy-a05s-black-128-gb/p/itm12ab68373c8ad?pid=MOBGTZ6W2QZBPAPX&lid=LSTMOBGTZ6W2QZBPAPXORPNP3&marketplace=FLIPKART&q=s24+ultra&store=tyy%2F4io&srno=s_2_45&otracker=search&fm=organic&iid=2e47b98b-1b90-442a-b1b1-2efc5abdfafe.MOBGTZ6W2QZBPAPX.SEARCH&ppt=None&ppn=None&ssid=ptr8a1vpzk0000001758214742427&qH=9645cd762e4dc77e
"Samsung M55s 5G (Coral Green, 256 GB)","₹21,599",4.3 out of 5,(25% off),Flipkart,https://www.flipkart.comhttps://www.flipkart.com/samsung-m55s-5g-coral-green-256-gb/p/itmc1eecddceecec?pid=MOBH5R89YWP2GFTY&lid=LSTMOBH5R89YWP2GFTYANLCSR&marketplace=FLIPKART&q=s24+ultra&store=tyy%2F4io&srno=s_2_46&otracker=search&fm=organic&iid=2e47b98b-1b90-442a-b1b1-2efc5abdfafe.MOBH5R89YWP2GFTY.SEARCH&ppt=None&ppn=None&ssid=ptr8a1vpzk0000001758214742427&qH=9645cd762e4dc77e
"Samsung Galaxy A05s (Black, 128 GB)","₹9,999",4.2 out of 5,(37% off),Flipkart,https://www.flipkart.comhttps://www.flipkart.com/samsung-galaxy-a05s-black-128-gb/p/itmf1e1e23cda773?pid=MOBGTZ6WCWZDCFKR&lid=LSTMOBGTZ6WCWZDCFKR5ZTTSM&marketplace=FLIPKART&q=s24+ultra&store=tyy%2F4io&srno=s_2_47&otracker=search&fm=organic&iid=2e47b98b-1b90-442a-b1b1-2efc5abdfafe.MOBGTZ6WCWZDCFKR.SEARCH&ppt=None&ppn=None&ssid=ptr8a1vpzk0000001758214742427&qH=9645cd762e4dc77e
"Samsung Galaxy A03s (Black, 32 GB)","₹7,500",4 out of 5,(44% off),Flipkart,https://www.flipkart.comhttps://www.flipkart.com/samsung-galaxy-a03s-black-32-gb/p/itm5c05090098184?pid=MOBG5NK9UZT8TYZU&lid=LSTMOBG5NK9UZT8TYZU90IMOS&marketplace=FLIPKART&q=s24+ultra&store=tyy%2F4io&srno=s_2_48&otracker=search&fm=organic&iid=2e47b98b-1b90-442a-b1b1-2efc5abdfafe.MOBG5NK9UZT8TYZU.SEARCH&ppt=None&ppn=None&ssid=ptr8a1vpzk0000001758214742427&qH=9645cd762e4dc77e
"Samsung Galaxy A06s 5G (Black, 128 GB)","₹14,999",N/A,(6% off),Flipkart,https://www.flipkart.comhttps://www.flipkart.com/samsung-galaxy-a06s-5g-black-128-gb/p/itme9f8b98ef53da?pid=MOBHB987Z4XZHXFT&lid=LSTMOBHB987Z4XZHXFT0FXWOV&marketplace=FLIPKART&q=s24+ultra&store=tyy%2F4io&srno=s_3_49&otracker=search&fm=organic&iid=882a7f79-94d9-49e9-be31-7093bdfeb611.MOBHB987Z4XZHXFT.SEARCH&ppt=None&ppn=None&ssid=bzhv6jutvk0000001758214749402&qH=9645cd762e4dc77e
"Samsung Galaxy A50s (Prism Crush Black, 128 GB)","₹21,070",4.3 out of 5,(15% off),Flipkart,https://www.flipkart.comhttps://www.flipkart.com/samsung-galaxy-a50s-prism-crush-black-128-gb/p/itm31b19a153195b?pid=MOBFK4REY2CUGAG7&lid=LSTMOBFK4REY2CUGAG76S22LA&marketplace=FLIPKART&q=s24+ultra&store=tyy%2F4io&srno=s_3_50&otracker=search&fm=organic&iid=882a7f79-94d9-49e9-be31-7093bdfeb611.MOBFK4REY2CUGAG7.SEARCH&ppt=None&ppn=None&ssid=bzhv6jutvk0000001758214749402&qH=9645cd762e4dc77e
"Samsung Galaxy S24 5G Snapdragon (Onyx Black, 256 GB)","₹70,999",4.6 out of 5,(11% off),Flipkart,https://www.flipkart.comhttps://www.flipkart.com/samsung-galaxy-s24-5g-snapdragon-onyx-black-256-gb/p/itm0eb31619428e4?pid=MOBHDVFKVGGGHBDX&lid=LSTMOBHDVFKVGGGHBDXFWSCXD&marketplace=FLIPKART&q=s24+ultra&store=tyy%2F4io&srno=s_3_51&otracker=search&fm=organic&iid=en_mOh26Bm67ZOBefGMSCyqw12YjyHAVnnAPBHpVnwrFtpyGk3u9aRZj2zKNZ1eSfcM5tmmdonU9FyQirdQ1Q8oRPUFjCTyOHoHZs-Z5_PS_w0%3D&ppt=None&ppn=None&ssid=bzhv6jutvk0000001758214749402&qH=9645cd762e4dc77e
"Samsung Galaxy S24 5G Snapdragon (Cobalt Violet, 256 GB)","₹70,999",4.6 out of 5,(11% off),Flipkart,https://www.flipkart.comhttps://www.flipkart.com/samsung-galaxy-s24-5g-snapdragon-cobalt-violet-256-gb/p/itm0e4552c03ca7c?pid=MOBHDVFKKYGS2K9T&lid=LSTMOBHDVFKKYGS2K9TEOX3VK&marketplace=FLIPKART&q=s24+ultra&store=tyy%2F4io&srno=s_3_52&otracker=search&fm=organic&iid=en_mOh26Bm67ZOBefGMSCyqw12YjyHAVnnAPBHpVnwrFtr_FO-SnJyKelIDLa4caffXdCAv4yCZ2hqwJKqMUOtqXPUFjCTyOHoHZs-Z5_PS_w0%3D&ppt=None&ppn=None&ssid=bzhv6jutvk0000001758214749402&qH=9645cd762e4dc77e
"Samsung Galaxy S8 (Midnight Black, 64 GB)","₹49,990",4.6 out of 5,(1% off),Flipkart,https://www.flipkart.comhttps://www.flipkart.com/samsung-galaxy-s8-midnight-black-64-gb/p/itmethryekvuhajh?pid=MOBESYV7WFY6K7ZX&lid=LSTMOBESYV7WFY6K7ZXISJ1VK&marketplace=FLIPKART&q=s24+ultra&store=tyy%2F4io&srno=s_3_53&otracker=search&fm=organic&iid=882a7f79-94d9-49e9-be31-7093bdfeb611.MOBESYV7WFY6K7ZX.SEARCH&ppt=None&ppn=None&ssid=bzhv6jutvk0000001758214749402&qH=9645cd762e4dc77e
"Samsung Galaxy A50s (Prism Crush Violet, 128 GB)","₹21,070",4.3 out of 5,(15% off),Flipkart,https://www.flipkart.comhttps://www.flipkart.com/samsung-galaxy-a50s-prism-crush-violet-128-gb/p/itme505f5f410d1c?pid=MOBFK4REEVWGFXES&lid=LSTMOBFK4REEVWGFXESZFPNCV&marketplace=FLIPKART&q=s24+ultra&store=tyy%2F4io&srno=s_3_54&otracker=search&fm=organic&iid=882a7f79-94d9-49e9-be31-7093bdfeb611.MOBFK4REEVWGFXES.SEARCH&ppt=None&ppn=None&ssid=bzhv6jutvk0000001758214749402&qH=9645cd762e4dc77e
"Samsung Galaxy A05s (Light Violet, 128 GB)","₹10,999",4.1 out of 5,(37% off),Flipkart,https://www.flipkart.comhttps://www.flipkart.com/samsung-galaxy-a05s-light-violet-128-gb/p/itm58f57622cdc72?pid=MOBGTZ6WJJASEV3B&lid=LSTMOBGTZ6WJJASEV3BXSYJJ8&marketplace=FLIPKART&q=s24+ultra&store=tyy%2F4io&srno=s_3_55&otracker=search&fm=organic&iid=882a7f79-94d9-49e9-be31-7093bdfeb611.MOBGTZ6WJJASEV3B.SEARCH&ppt=None&ppn=None&ssid=bzhv6jutvk0000001758214749402&qH=9645cd762e4dc77e
"Samsung Galaxy M31s (Mirage Blue, 128 GB)","₹9,499",4.2 out of 5,(58% off),Flipkart,https://www.flipkart.comhttps://www.flipkart.com/samsung-galaxy-m31s-mirage-blue-128-gb/p/itmad022b9abd4b6?pid=MOBFUYMQUW5EKE7R&lid=LSTMOBFUYMQUW5EKE7RZT00TZ&marketplace=FLIPKART&q=s24+ultra&store=tyy%2F4io&srno=s_3_56&otracker=search&fm=organic&iid=882a7f79-94d9-49e9-be31-7093bdfeb611.MOBFUYMQUW5EKE7R.SEARCH&ppt=None&ppn=None&ssid=bzhv6jutvk0000001758214749402&qH=9645cd762e4dc77e
"Samsung Galaxy S24 5G Snapdragon (Onyx Black, 128 GB)","₹64,999",4.6 out of 5,(13% off),Flipkart,https://www.flipkart.comhttps://www.flipkart.com/samsung-galaxy-s24-5g-snapdragon-onyx-black-128-gb/p/itm3469a7107606f?pid=MOBHDVFKSSHPUYHB&lid=LSTMOBHDVFKSSHPUYHBXUF3VR&marketplace=FLIPKART&q=s24+ultra&store=tyy%2F4io&srno=s_3_57&otracker=search&fm=organic&iid=en_mOh26Bm67ZOBefGMSCyqw12YjyHAVnnAPBHpVnwrFtpV_Nxleg49ENHdYYLQXH2RfLuEa_iXYVy7f1rJ3ngqyfUFjCTyOHoHZs-Z5_PS_w0%3D&ppt=None&ppn=None&ssid=bzhv6jutvk0000001758214749402&qH=9645cd762e4dc77e
"Samsung Galaxy S24 5G Snapdragon (Marble Gray, 256 GB)","₹70,999",4.6 out of 5,(11% off),Flipkart,https://www.flipkart.comhttps://www.flipkart.com/samsung-galaxy-s24-5g-snapdragon-marble-gray-256-gb/p/itmc60e0c4fb63b7?pid=MOBHDVFKAWDVHJTU&lid=LSTMOBHDVFKAWDVHJTUK7PT9L&marketplace=FLIPKART&q=s24+ultra&store=tyy%2F4io&srno=s_3_58&otracker=search&fm=organic&iid=en_mOh26Bm67ZOBefGMSCyqw12YjyHAVnnAPBHpVnwrFtqA0haynM0VpgWLidXNG_qKYEvMa9XJ-yaAMeN5m7slbvUFjCTyOHoHZs-Z5_PS_w0%3D&ppt=None&ppn=None&ssid=bzhv6jutvk0000001758214749402&qH=9645cd762e4dc77e
"Samsung Galaxy A03s (Blue, 64 GB)","₹11,499",4 out of 5,(20% off),Flipkart,https://www.flipkart.comhttps://www.flipkart.com/samsung-galaxy-a03s-blue-64-gb/p/itma586b6d0db62b?pid=MOBG5NK9D47WHAZJ&lid=LSTMOBG5NK9D47WHAZJRJP2TJ&marketplace=FLIPKART&q=s24+ultra&store=tyy%2F4io&srno=s_3_59&otracker=search&fm=organic&iid=882a7f79-94d9-49e9-be31-7093bdfeb611.MOBG5NK9D47WHAZJ.SEARCH&ppt=None&ppn=None&ssid=bzhv6jutvk0000001758214749402&qH=9645cd762e4dc77e
"Samsung GALAXY M31S (Mirage Black, 128 GB)","₹23,999",4.3 out of 5,(4% off),Flipkart,https://www.flipkart.comhttps://www.flipkart.com/samsung-galaxy-m31s-mirage-black-128-gb/p/itm34ee37ee1d8a0?pid=MOBFVWCTZYMFQH3J&lid=LSTMOBFVWCTZYMFQH3JLA5LIJ&marketplace=FLIPKART&q=s24+ultra&store=tyy%2F4io&srno=s_3_60&otracker=search&fm=organic&iid=882a7f79-94d9-49e9-be31-7093bdfeb611.MOBFVWCTZYMFQH3J.SEARCH&ppt=None&ppn=None&ssid=bzhv6jutvk0000001758214749402&qH=9645cd762e4dc77e
"Samsung Galaxy S24 5G Snapdragon (Amber Yellow, 256 GB)","₹70,999",4.6 out of 5,(11% off),Flipkart,https://www.flipkart.comhttps://www.flipkart.com/samsung-galaxy-s24-5g-snapdragon-amber-yellow-256-gb/p/itm170d9f8c2ec9c?pid=MOBHDVFKDNDVPYMK&lid=LSTMOBHDVFKDNDVPYMKUSXEMP&marketplace=FLIPKART&q=s24+ultra&store=tyy%2F4io&srno=s_3_61&otracker=search&fm=organic&iid=en_mOh26Bm67ZOBefGMSCyqw12YjyHAVnnAPBHpVnwrFtqDZefy8B2_TBY8g3_cuh_7BPZgSrGC6N-JTpHoHcAINvUFjCTyOHoHZs-Z5_PS_w0%3D&ppt=None&ppn=None&ssid=bzhv6jutvk0000001758214749402&qH=9645cd762e4dc77e
"Samsung Galaxy S10 (Prism White, 512 GB)","₹92,000",4.5 out of 5,N/A,Flipkart,https://www.flipkart.comhttps://www.flipkart.com/samsung-galaxy-s10-prism-white-512-gb/p/itmfdyp6ydvhczvg?pid=MOBFDNHARGTYX5YG&lid=LSTMOBFDNHARGTYX5YGZPHCFJ&marketplace=FLIPKART&q=s24+ultra&store=tyy%2F4io&srno=s_3_62&otracker=search&fm=organic&iid=882a7f79-94d9-49e9-be31-7093bdfeb611.MOBFDNHARGTYX5YG.SEARCH&ppt=None&ppn=None&ssid=bzhv6jutvk0000001758214749402&qH=9645cd762e4dc77e
"Samsung Galaxy S8 (Burgundy Red, 64 GB)","₹49,990",4.6 out of 5,(1% off),Flipkart,https://www.flipkart.comhttps://www.flipkart.com/samsung-galaxy-s8-burgundy-red-64-gb/p/itmf3zs5kcmtztcv?pid=MOBF3ZRVC9VZXKVG&lid=LSTMOBF3ZRVC9VZXKVGWQNN53&marketplace=FLIPKART&q=s24+ultra&store=tyy%2F4io&srno=s_3_63&otracker=search&fm=organic&iid=882a7f79-94d9-49e9-be31-7093bdfeb611.MOBF3ZRVC9VZXKVG.SEARCH&ppt=None&ppn=None&ssid=bzhv6jutvk0000001758214749402&qH=9645cd762e4dc77e
"Samsung Galaxy A52s 5G (Awesome Violet, 128 GB)","₹30,997",4.2 out of 5,N/A,Flipkart,https://www.flipkart.comhttps://www.flipkart.com/samsung-galaxy-a52s-5g-awesome-violet-128-gb/p/itm4bc6d39957c89?pid=MOBG6YPZBADBYCB8&lid=LSTMOBG6YPZBADBYCB8WQLAWQ&marketplace=FLIPKART&q=s24+ultra&store=tyy%2F4io&srno=s_3_64&otracker=search&fm=organic&iid=882a7f79-94d9-49e9-be31-7093bdfeb611.MOBG6YPZBADBYCB8.SEARCH&ppt=None&ppn=None&ssid=bzhv6jutvk0000001758214749402&qH=9645cd762e4dc77e
"Samsung M31s (Mirage Blue, 128 GB)","₹22,999",4.3 out of 5,(8% off),Flipkart,https://www.flipkart.comhttps://www.flipkart.com/samsung-m31s-mirage-blue-128-gb/p/itm3c444f9c5c566?pid=MOBFUZYBUZWNKB6G&lid=LSTMOBFUZYBUZWNKB6GXLFWGH&marketplace=FLIPKART&q=s24+ultra&store=tyy%2F4io&srno=s_3_65&otracker=search&fm=organic&iid=882a7f79-94d9-49e9-be31-7093bdfeb611.MOBFUZYBUZWNKB6G.SEARCH&ppt=None&ppn=None&ssid=bzhv6jutvk0000001758214749402&qH=9645cd762e4dc77e
"Samsung A52s 5G (Awesome Black, 128 GB)","₹38,498",4.1 out of 5,(1% off),Flipkart,https://www.flipkart.comhttps://www.flipkart.com/samsung-a52s-5g-awesome-black-128-gb/p/itmf59687d84c861?pid=MOBGHG2DY2KYQ3AT&lid=LSTMOBGHG2DY2KYQ3ATOWJ0QX&marketplace=FLIPKART&q=s24+ultra&store=tyy%2F4io&srno=s_3_66&otracker=search&fm=organic&iid=882a7f79-94d9-49e9-be31-7093bdfeb611.MOBGHG2DY2KYQ3AT.SEARCH&ppt=None&ppn=None&ssid=bzhv6jutvk0000001758214749402&qH=9645cd762e4dc77e
"Samsung Galaxy S10 (Prism Blue, 128 GB)","₹71,000",4.5 out of 5,N/A,Flipkart,https://www.flipkart.comhttps://www.flipkart.com/samsung-galaxy-s10-prism-blue-128-gb/p/itmfdyp6pajfhsvf?pid=MOBFDNHAYZYR5VXE&lid=LSTMOBFDNHAYZYR5VXEY81WFW&marketplace=FLIPKART&q=s24+ultra&store=tyy%2F4io&srno=s_3_67&otracker=search&fm=organic&iid=882a7f79-94d9-49e9-be31-7093bdfeb611.MOBFDNHAYZYR5VXE.SEARCH&ppt=None&ppn=None&ssid=bzhv6jutvk0000001758214749402&qH=9645cd762e4dc77e
"Samsung Galaxy A03s (Black, 64 GB)","₹14,499",4 out of 5,N/A,Flipkart,https://www.flipkart.comhttps://www.flipkart.com/samsung-galaxy-a03s-black-64-gb/p/itm207c7227db30c?pid=MOBG5NK9BDD3QW63&lid=LSTMOBG5NK9BDD3QW63KATEE2&marketplace=FLIPKART&q=s24+ultra&store=tyy%2F4io&srno=s_3_68&otracker=search&fm=organic&iid=882a7f79-94d9-49e9-be31-7093bdfeb611.MOBG5NK9BDD3QW63.SEARCH&ppt=None&ppn=None&ssid=bzhv6jutvk0000001758214749402&qH=9645cd762e4dc77e
"Samsung Galaxy S8 Plus (Midnight Black, 64 GB)","₹53,990",4.6 out of 5,(8% off),Flipkart,https://www.flipkart.comhttps://www.flipkart.com/samsung-galaxy-s8-plus-midnight-black-64-gb/p/itmethrymujayh4y?pid=MOBESYUWPQW5ZQWV&lid=LSTMOBESYUWPQW5ZQWVSE6W9I&marketplace=FLIPKART&q=s24+ultra&store=tyy%2F4io&srno=s_3_69&otracker=search&fm=organic&iid=882a7f79-94d9-49e9-be31-7093bdfeb611.MOBESYUWPQW5ZQWV.SEARCH&ppt=None&ppn=None&ssid=bzhv6jutvk0000001758214749402&qH=9645cd762e4dc77e
"Samsung Galaxy M30S (Black, 128 GB)","₹13,990",4.3 out of 5,(12% off),Flipkart,https://www.flipkart.comhttps://www.flipkart.com/samsung-galaxy-m30s-black-128-gb/p/itm91339c429de64?pid=MOBFSHFB6MXGJNH6&lid=LSTMOBFSHFB6MXGJNH63OFLDY&marketplace=FLIPKART&q=s24+ultra&store=tyy%2F4io&srno=s_3_70&otracker=search&fm=organic&iid=882a7f79-94d9-49e9-be31-7093bdfeb611.MOBFSHFB6MXGJNH6.SEARCH&ppt=None&ppn=None&ssid=bzhv6jutvk0000001758214749402&qH=9645cd762e4dc77e
"(Refurbished) OnePlus 11R 5G (Galactic Silver, 128 GB)","₹23,999",2.8 out of 5,(46% off),Flipkart,https://www.flipkart.comhttps://www.flipkart.com/refurbished-oneplus-11r-5g-galactic-silver-128-gb/p/itm82bdb5ee837d2?pid=MFRHYQ7SYZWEJEXJ&lid=LSTMFRHYQ7SYZWEJEXJI84MS6&marketplace=FLIPKART&bu=REFURBISHED&q=s24+ultra&store=tyy%2F4io&srno=s_3_71&otracker=search&fm=organic&iid=882a7f79-94d9-49e9-be31-7093bdfeb611.MFRHYQ7SYZWEJEXJ.SEARCH&ppt=None&ppn=None&ssid=bzhv6jutvk0000001758214749402&qH=9645cd762e4dc77e
"Samsung Galaxy S24+ 5G (Onyx Black, 512 GB)","₹1,04,999",4.5 out of 5,(4% off),Flipkart,https://www.flipkart.comhttps://www.flipkart.com/samsung-galaxy-s24-5g-onyx-black-512-gb/p/itme2d93d42550ad?pid=MOBGX2F3YAZ6MRCQ&lid=LSTMOBGX2F3YAZ6MRCQFU5NRH&marketplace=FLIPKART&q=s24+ultra&store=tyy%2F4io&srno=s_3_72&otracker=search&fm=organic&iid=882a7f79-94d9-49e9-be31-7093bdfeb611.MOBGX2F3YAZ6MRCQ.SEARCH&ppt=None&ppn=None&ssid=bzhv6jutvk0000001758214749402&qH=9645cd762e4dc77e
"SAMSUNG Polycarbonate Back Cover for SAMSUNG Galaxy S24 Ultra (Full Body Protection, Transparent)",₹999,4 out of 5,(33% Off),Croma,https://www.croma.com/samsung-polycarbonate-back-cover-for-samsung-galaxy-s24-ultra-full-body-protection-transparent-/p/304122
SAMSUNG Screen Protector for SAMSUNG Galaxy S24 Ultra (Anti-Reflecting),₹999,4.2 out of 5,(60% Off),Croma,https://www.croma.com/samsung-screen-protector-for-samsung-galaxy-s24-ultra-anti-reflecting-/p/304609
"SAMSUNG Galaxy S24 Ultra 5G (12GB RAM, 256GB, Titanium Gray)","₹1,09,999",2.3 out of 5,(19% Off),Croma,https://www.croma.com/samsung-galaxy-s24-ultra-5g-12gb-ram-256gb-titanium-gray-/p/303838
"SAMSUNG Galaxy S24 Ultra 5G (12GB RAM, 512GB, Titanium Gray)","₹1,19,999",No rating,(17% Off),Croma,https://www.croma.com/samsung-galaxy-s24-ultra-5g-12gb-ram-512gb-titanium-gray-/p/303819
"SAMSUNG Galaxy S24 Ultra 5G (12GB RAM, 512GB, Titanium Black)","₹1,19,999",No rating,(17% Off),Croma,https://www.croma.com/samsung-galaxy-s24-ultra-5g-12gb-ram-512gb-titanium-black-/p/303820
"SAMSUNG Vegan Leather Back Cover for Galaxy S24 Ultra (Gentle Inner Lining, Dark Violet)","₹4,499",No rating,No discount,Croma,https://www.croma.com/samsung-vegan-leather-back-cover-for-galaxy-s24-ultra-gentle-inner-lining-dark-violet-/p/303989
"SAMSUNG Silicone Back Cover for Galaxy S24 Ultra (Combining Style and Durability, Yellow)",₹999,5 out of 5,(62% Off),Croma,https://www.croma.com/samsung-silicone-back-cover-for-galaxy-s24-ultra-combining-style-and-durability-yellow-/p/303999
"SAMSUNG Galaxy S24 5G (8GB RAM, 256GB, Onyx Black)","₹70,999",No rating,(11% Off),Croma,https://www.croma.com/samsung-galaxy-s24-5g-8gb-ram-256gb-onyx-black-/p/303849
"SAMSUNG Galaxy S24 5G (8GB RAM, 256GB, Cobalt Violet)","₹70,999",4.5 out of 5,(11% Off),Croma,https://www.croma.com/samsung-galaxy-s24-5g-8gb-ram-256gb-cobalt-violet-/p/303851
"SAMSUNG Galaxy S24 5G (8GB RAM, 256GB, Marble Gray)","₹70,999",5 out of 5,(11% Off),Croma,https://www.croma.com/samsung-galaxy-s24-5g-8gb-ram-256gb-marble-gray-/p/303839
"SAMSUNG Galaxy S24 5G (8GB RAM, 256GB, Amber Yellow)","₹70,999",4 out of 5,(11% Off),Croma,https://www.croma.com/samsung-galaxy-s24-5g-8gb-ram-256gb-amber-yellow-/p/303853
"SAMSUNG Galaxy S24 Plus 5G (12GB RAM, 512GB, Onyx Black)","₹98,994",No rating,(10% Off),Croma,https://www.croma.com/samsung-galaxy-s24-plus-5g-12gb-ram-512gb-onyx-black-/p/303847
"SAMSUNG Galaxy S24 Plus 5G (12GB RAM, 256GB, Cobalt Violet)","₹89,994",No rating,(10% Off),Croma,https://www.croma.com/samsung-galaxy-s24-plus-5g-12gb-ram-256gb-cobalt-violet-/p/303862
"SAMSUNG Galaxy S24 5G (8GB RAM, 128GB, Cobalt Violet)","₹64,999",No rating,(13% Off),Croma,https://www.croma.com/samsung-galaxy-s24-5g-8gb-ram-128gb-cobalt-violet-/p/303832
SAMSUNG EFUS921CTEGIN Screen Protector for Galaxy S24 5G (Scratch Resistant),₹999,3 out of 5,(60% Off),Croma,https://www.croma.com/samsung-efus921ctegin-screen-protector-for-galaxy-s24-5g-scratch-resistant-/p/304161
"SAMSUNG Galaxy S24 5G (8GB RAM, 512GB, Cobalt Violet)","₹74,694",No rating,(17% Off),Croma,https://www.croma.com/samsung-galaxy-s24-5g-8gb-ram-512gb-cobalt-violet-/p/303858
"DELL Inspiron 13 5330 Intel Core Ultra 5 Notebook Laptop (16GB, 512GB SSD, Windows 11 Home, 13.3 inch QHD Plus Display, MS Office Home & Student 2021, Platinum Silver, 1.24 KG)","₹75,990",No rating,(21% Off),Croma,https://www.croma.com/dell-inspiron-13-5330-intel-core-ultra-5-notebook-laptop-16gb-512gb-ssd-windows-11-home-13-3-inch-qhd-plus-display-ms-office-home-student-2021-platinum-silver-1-24-kg-/p/305858
DELL S2425H 60.47 cm (23.8 inch) Full HD IPS Panel LED Ultra Thin Gaming Monitor with 2 x 5W Speakers,"₹9,699",No rating,(57% Off),Croma,https://www.croma.com/dell-s2425h-60-47-cm-23-8-inch-full-hd-ips-panel-led-ultra-thin-gaming-monitor-with-2-x-5w-speakers/p/315492
"GRIPP 3D Tempered Glass, TPU & Polycarbonate Back Cover & Focal Camera Lens Protector Combo for SAMSUNG Galaxy S25 Ultra (Wireless Charging Compatible, Clear)","₹1,490",5 out of 5,(75% Off),Croma,https://www.croma.com/gripp-3d-tempered-glass-tpu-polycarbonate-back-cover-focal-camera-lens-protector-combo-for-samsung-galaxy-s25-ultra-wireless-charging-compatible-clear-/p/313473
SanDisk Ultra MicroSDHC 32GB Class 3 100MB/s Memory Card,₹429,4.6 out of 5,(31% Off),Croma,https://www.croma.com/sandisk-ultra-microsdhc-32gb-class-3-100mb-s-memory-card/p/232389
"SAMSUNG 45W Type C Super Fast Charger (Adapter Only, Smart IC Technology, Black)","₹2,799",No rating,(20% Off),Croma,https://www.croma.com/samsung-45w-type-c-super-fast-charger-adapter-only-smart-ic-technology-black-/p/313722
"noise Power 65W Type A & Type C 3-Port Fast Charger (Adapter Only, GaN Technology, Black)","₹2,499",No rating,(38% Off),Croma,https://www.croma.com/noise-power-65w-type-a-type-c-3-port-fast-charger-adapter-only-gan-technology-black-/p/314637
SONY BRAVIA 2 II 139.7 cm (55 inch) 4K Ultra HD LED Smart Google TV with Built- in Chromecast (2025 model),"₹68,390",No rating,(32% Off),Croma,https://www.croma.com/sony-bravia-2-ii-139-7-cm-55-inch-4k-ultra-hd-led-smart-google-tv-with-built-in-chromecast-2025-model-/p/315840
"logitech Pebble Mouse 2 Wireless Optical Mouse with Silent Click Buttons (1000 DPI, Ultra Portable, Tonal Graphite)","₹1,445",1 out of 5,(37% Off),Croma,https://www.croma.com/logitech-pebble-mouse-2-wireless-optical-mouse-with-silent-click-buttons-1000-dpi-ultra-portable-tonal-graphite-/p/301499
SONY BRAVIA 2 II 109.22 cm (43 inch) LCD 4K Ultra HD Smart Android TV with Google Voice Assistant (2025 model),"₹41,990",No rating,(30% Off),Croma,https://www.croma.com/sony-bravia-2-ii-109-22-cm-43-inch-lcd-4k-ultra-hd-smart-android-tv-with-google-voice-assistant-2025-model-/p/316032
SONY BRAVIA 2 II 139.7 cm (55 inch) 4K Ultra HD LED Smart Google TV with Google Assistant (2025 model),"₹62,990",No rating,(37% Off),Croma,https://www.croma.com/sony-bravia-2-ii-139-7-cm-55-inch-4k-ultra-hd-led-smart-google-tv-with-google-assistant-2025-model-/p/316615
SONY BRAVIA 2 165.1 cm (65 inch) 4K Ultra HD LED Smart Google TV with Built- in Chromecast (2025 model),"₹91,190",No rating,(35% Off),Croma,https://www.croma.com/sony-bravia-2-165-1-cm-65-inch-4k-ultra-hd-led-smart-google-tv-with-built-in-chromecast-2025-model-/p/315883
SONY BRAVIA 3 139.7 cm (55 inch) 4K Ultra HD LCD Smart Android TV with Auto Low Latency Mode (2024 Model),"₹79,970",No rating,(38% Off),Croma,https://www.croma.com/sony-bravia-3-139-7-cm-55-inch-4k-ultra-hd-lcd-smart-android-tv-with-auto-low-latency-mode-2024-model-/p/308065
"logitech K580 Bluetooth & 2.4GHz Wireless Keyboard with Multi Device Connectivity (Ultra-Slim Profile, Black)","₹3,595",No rating,(29% Off),Croma,https://www.croma.com/logitech-k580-bluetooth-2-4ghz-wireless-keyboard-with-multi-device-connectivity-ultra-slim-profile-black-/p/243014
"HP OmniBook X 14-fe1011QU Qualcomm Snapdragon X Plus Touchscreen Thin & Light Laptop (16GB, 512GB SSD, Windows 11 Home, 14 inch 2.2K IPS Display, MS Office 2021, Glacier Silver, 1.34 KG)","₹87,999",No rating,(33% Off),Croma,https://www.croma.com/hp-omnibook-x-14-fe1011qu-qualcomm-snapdragon-x-plus-touchscreen-thin-light-laptop-16gb-512gb-ssd-windows-11-home-14-inch-2-2k-ips-display-ms-office-2021-glacier-silver-1-34-kg-/p/314314
LG AI UT80 139.7 cm (55 inch) 4K Ultra HD LED Smart WebOS TV with AI Acoustic Tuning (2025 model),"₹63,990",No rating,(29% Off),Croma,https://www.croma.com/lg-ai-ut80-139-7-cm-55-inch-4k-ultra-hd-led-smart-webos-tv-with-ai-acoustic-tuning-2025-model-/p/306824
"Lenovo Yoga 7 14ILL10 Intel Core Ultra 7 Touchscreen 2-in-1 Laptop (32GB, 1TB SSD, Windows 11 Home, 14 inch 2.8K WQXGA Plus OLED Display, MS Office 2024, Seashell, 1.38 KG)","₹1,36,990",No rating,(27% Off),Croma,https://www.croma.com/lenovo-yoga-7-14ill10-intel-core-ultra-7-touchscreen-2-in-1-laptop-32gb-1tb-ssd-windows-11-home-14-inch-2-8k-wqxga-plus-oled-display-ms-office-2024-seashell-1-38-kg-/p/316131
"logitech Pebble Mouse 2 Wireless Optical Mouse with Silent Click Buttons (1000 DPI, Ultra Portable, Tonal White)","₹1,499",No rating,(35% Off),Croma,https://www.croma.com/logitech-pebble-mouse-2-wireless-optical-mouse-with-silent-click-buttons-1000-dpi-ultra-portable-tonal-white-/p/301489
"SAMSUNG 5 in 1 Convertible 2 Ton 3 Star Inverter Split Smart AC with Voice Assistance (2025 Model, Copper Condenser, AR50F24D1XHNNA)","₹52,990",No rating,(41% Off),Croma,https://www.croma.com/samsung-5-in-1-convertible-2-ton-3-star-inverter-split-smart-ac-with-voice-assistance-2025-model-copper-condenser-ar50f24d1xhnna-/p/313962
"logitech K580 Bluetooth & 2.4GHz Wireless Keyboard with Multi Device Connectivity (Ultra-Slim Profile, White)","₹3,959",No rating,(22% Off),Croma,https://www.croma.com/logitech-k580-bluetooth-2-4ghz-wireless-keyboard-with-multi-device-connectivity-ultra-slim-profile-white-/p/243015
"noise Power 100W Type A & Type C 4-Port Fast Charger (Adapter Only, GaN Technology, Black)","₹3,499",No rating,(30% Off),Croma,https://www.croma.com/noise-power-100w-type-a-type-c-4-port-fast-charger-adapter-only-gan-technology-black-/p/314638
"SAMSUNG Galaxy S23 FE 5G (8GB RAM, 256GB, Mint)","₹44,994",No rating,(47% Off),Croma,https://www.croma.com/samsung-galaxy-s23-fe-5g-8gb-ram-256gb-mint-/p/301879
SONY BRAVIA 2 127 cm (50 inch) 4K Ultra HD LCD Smart Android TV with Auto HDR Tone Mapping(2024 Model),"₹58,890",No rating,(31% Off),Croma,https://www.croma.com/sony-bravia-2-127-cm-50-inch-4k-ultra-hd-lcd-smart-android-tv-with-auto-hdr-tone-mapping-2024-model-/p/307839
"SAMSUNG Galaxy S23 FE 5G (8GB RAM, 128GB, Graphite)","₹39,994",No rating,(50% Off),Croma,https://www.croma.com/samsung-galaxy-s23-fe-5g-8gb-ram-128gb-graphite-/p/301868
SONY BRAVIA 2 109.22 cm (43 inch) 4K Ultra HD LCD Google TV with Live Colour Technology,"₹39,990",5 out of 5,(33% Off),Croma,https://www.croma.com/sony-bravia-2-109-22-cm-43-inch-4k-ultra-hd-lcd-google-tv-with-live-colour-technology/p/308025
SONY BRAVIA 8 II 139.7 cm (55 inch) OLED 4K Ultra HD Smart Google TV with Dolby Vision & Dolby Atmos (2025 model),"₹2,37,490",No rating,(41% Off),Croma,https://www.croma.com/sony-bravia-8-ii-139-7-cm-55-inch-oled-4k-ultra-hd-smart-google-tv-with-dolby-vision-dolby-atmos-2025-model-/p/316374
SONY BRAVIA 2 II 109.22 cm (43 inch) 4K Ultra HD LCD Smart Android TV with Built- in Chromecast (2025 model),"₹47,000",No rating,(33% Off),Croma,https://www.croma.com/sony-bravia-2-ii-109-22-cm-43-inch-4k-ultra-hd-lcd-smart-android-tv-with-built-in-chromecast-2025-model-/p/315862
"SAMSUNG Galaxy S23 FE 5G (8GB RAM, 256GB, Graphite)","₹44,994",No rating,(47% Off),Croma,https://www.croma.com/samsung-galaxy-s23-fe-5g-8gb-ram-256gb-graphite-/p/301876
SONY BRAVIA 3 108 cm (43 inch) LED 4K Ultra HD Google TV with Dolby Vision & Dolby Atmos (2024 model),"₹67,440",No rating,(32% Off),Croma,https://www.croma.com/sony-bravia-3-108-cm-43-inch-led-4k-ultra-hd-google-tv-with-dolby-vision-dolby-atmos-2024-model-/p/313772
SONY BRAVIA 3 165.1 cm (65 inch) LCD 4K Ultra HD Smart Android TV with Dolby Vision & Dolby Atmos (2024 model),"₹1,03,490",No rating,(37% Off),Croma,https://www.croma.com/sony-bravia-3-165-1-cm-65-inch-lcd-4k-ultra-hd-smart-android-tv-with-dolby-vision-dolby-atmos-2024-model-/p/308093
"HP Pavilion Plus 14 ew0116TU Intel Core i5 13th Gen Laptop (16GB, 512GB SSD, Windows 11 Home, 14 inch WUXGA IPS Display, MS Office 2021, Natural Silver Aluminum, 1.38 KG)","₹76,990",No rating,(7% Off),Croma,https://www.croma.com/hp-pavilion-plus-14-ew0116tu-intel-core-i5-13th-gen-laptop-16gb-512gb-ssd-windows-11-home-14-inch-wuxga-ips-display-ms-office-2021-natural-silver-aluminum-1-38-kg-/p/304952
"SAMSUNG Galaxy S25 Edge 5G (12GB RAM, 512GB, Titanium Silver)","₹1,04,999",No rating,(14% Off),Croma,https://www.croma.com/samsung-galaxy-s25-edge-5g-12gb-ram-512gb-titanium-silver-/p/315839
SONY BRAVIA 8 II 165.1 cm (65 inch) OLED 4K Ultra HD Smart Google TV with Dolby Vision & Dolby Atmos (2025 model),"₹3,32,490",No rating,(33% Off),Croma,https://www.croma.com/sony-bravia-8-ii-165-1-cm-65-inch-oled-4k-ultra-hd-smart-google-tv-with-dolby-vision-dolby-atmos-2025-model-/p/316375
SONY BRAVIA 7 139.7 cm (55 inch) Mini LED 4K Ultra HD Smart Android TV with Dolby Vision & Dolby Atmos (2024 model),"₹1,63,390",No rating,(35% Off),Croma,https://www.croma.com/sony-bravia-7-139-7-cm-55-inch-mini-led-4k-ultra-hd-smart-android-tv-with-dolby-vision-dolby-atmos-2024-model-/p/308069
"logitech Pebble Mouse 2 Wireless Optical Mouse with Silent Click Buttons (1000 DPI, Ultra Portable, Tonal Rose)","₹1,549",No rating,(33% Off),Croma,https://www.croma.com/logitech-pebble-mouse-2-wireless-optical-mouse-with-silent-click-buttons-1000-dpi-ultra-portable-tonal-rose-/p/301492
SONY BRAVIA 2 II 109.22 cm (43 inch) 4K Ultra HD LCD Smart Android TV with Built- in Chromecast (2025 model),"₹44,640",No rating,(25% Off),Croma,https://www.croma.com/sony-bravia-2-ii-109-22-cm-43-inch-4k-ultra-hd-lcd-smart-android-tv-with-built-in-chromecast-2025-model-/p/316033
LG AI UT80 127 cm (50 inch) 4K Ultra HD LED Smart WebOS TV with Filmmaker Mode (2025 model),"₹46,990",No rating,(39% Off),Croma,https://www.croma.com/lg-ai-ut80-127-cm-50-inch-4k-ultra-hd-led-smart-webos-tv-with-filmmaker-mode-2025-model-/p/306825
"SAMSUNG S Series 330W Bluetooth Soundbar with Remote (Dolby Digital Plus, 3.1.2 Channel, Black)","₹34,990",No rating,(45% Off),Croma,https://www.croma.com/samsung-s-series-330w-bluetooth-soundbar-with-remote-dolby-digital-plus-3-1-2-channel-black-/p/274654
SONY BRAVIA 3 190.5 cm (75 inch) LCD 4K Ultra HD Smart Android TV with Dolby Vision & Dolby Atmos (2024 model),"₹1,50,470",No rating,(44% Off),Croma,https://www.croma.com/sony-bravia-3-190-5-cm-75-inch-lcd-4k-ultra-hd-smart-android-tv-with-dolby-vision-dolby-atmos-2024-model-/p/308865
"SAMSUNG Galaxy S25 Edge 5G (12GB RAM, 512GB, Titanium Jetblack)","₹1,04,999",No rating,(14% Off),Croma,https://www.croma.com/samsung-galaxy-s25-edge-5g-12gb-ram-512gb-titanium-jetblack-/p/315837
SONY BRAVIA 9 215.9 cm (85 inch) LED 4K Ultra HD Mini Smart Android TV with Dolby Vision & Dolby Atmos (2024 model),"₹5,50,990",No rating,(39% Off),Croma,https://www.croma.com/sony-bravia-9-215-9-cm-85-inch-led-4k-ultra-hd-mini-smart-android-tv-with-dolby-vision-dolby-atmos-2024-model-/p/309227
SONY BRAVIA 3 215.9 cm (85 inch) LED 4K Ultra HD Smart Android TV with Dolby Vision & Dolby Atmos (2024 model),"₹2,79,990",No rating,(53% Off),Croma,https://www.croma.com/sony-bravia-3-215-9-cm-85-inch-led-4k-ultra-hd-smart-android-tv-with-dolby-vision-dolby-atmos-2024-model-/p/308864
SONY BRAVIA 2 II 127 cm (50 inch) LCD 4K Ultra HD Smart Android TV with Built- in Chromecast (2025 model),"₹63,640",No rating,(20% Off),Croma,https://www.croma.com/sony-bravia-2-ii-127-cm-50-inch-lcd-4k-ultra-hd-smart-android-tv-with-built-in-chromecast-2025-model-/p/316037
SONY BRAVIA 2 127 cm (50 inch) 4K Ultra HD LCD Smart Android TV with Auto Low Latency Mode (2024 Model),"₹52,990",No rating,(34% Off),Croma,https://www.croma.com/sony-bravia-2-127-cm-50-inch-4k-ultra-hd-lcd-smart-android-tv-with-auto-low-latency-mode-2024-model-/p/307953
Hisense U6N Pro 139.7 cm (55 inch) 4K Ultra HD Mini LED Smart VIDAA TV with Dolby Vision & Dolby Atmos (2024 model),"₹59,999",No rating,(33% Off),Croma,https://www.croma.com/hisense-u6n-pro-139-7-cm-55-inch-4k-ultra-hd-mini-led-smart-vidaa-tv-with-dolby-vision-dolby-atmos-2024-model-/p/307975
Hisense U6N Pro 165.1 cm (65 inch) 4K Ultra HD Mini LED Smart VIDAA TV with Dolby Vision & Dolby Atmos (2024 model),"₹79,999",No rating,(33% Off),Croma,https://www.croma.com/hisense-u6n-pro-165-1-cm-65-inch-4k-ultra-hd-mini-led-smart-vidaa-tv-with-dolby-vision-dolby-atmos-2024-model-/p/308118
"Apple Mac Studio M2 Ultra Chip 2023 Mini Tower (64GB, 1TB SSD, Apple 60-core GPU, macOS, Silver)","₹3,49,994",No rating,(17% Off),Croma,https://www.croma.com/apple-mac-studio-m2-ultra-chip-2023-mini-tower-64gb-1tb-ssd-apple-60-core-gpu-macos-silver-/p/273882
SONY BRAVIA 2 II 127 cm (50 inch) 4K Ultra HD LCD Smart Android TV with Built- in Chromecast (2025 model)​,"₹65,540",No rating,(24% Off),Croma,https://www.croma.com
SONY BRAVIA 7 165.1 cm (65 inch) LCD 4K Ultra HD Smart Android TV with Live Colour Technology (2024 model),"₹2,08,990",No rating,(30% Off),Croma,https://www.croma.com/sony-bravia-7-165-1-cm-65-inch-lcd-4k-ultra-hd-smart-android-tv-with-live-colour-technology-2024-model-/p/308089
Hisense A65N 139.7 cm (55 inch) LED 4K Ultra HD Google TV with Dolby Vision & Dolby Digital (2024 model),"₹40,999",No rating,(37% Off),Croma,https://www.croma.com/hisense-a65n-139-7-cm-55-inch-led-4k-ultra-hd-google-tv-with-dolby-vision-dolby-digital-2024-model-/p/307974
SONY BRAVIA 7 190.5 cm (75 inch) Mini LED 4K Ultra HD Smart Android TV with Dolby Vision & Dolby Atmos (2024 model),"₹3,08,740",No rating,(31% Off),Croma,https://www.croma.com/sony-bravia-7-190-5-cm-75-inch-mini-led-4k-ultra-hd-smart-android-tv-with-dolby-vision-dolby-atmos-2024-model-/p/308091
LG evo AI C4 195 cm (77 inch) OLED 4K Ultra HD Smart WebOS TV with Dolby Atmos (2025 model),"₹4,64,990",5 out of 5,(34% Off),Croma,https://www.croma.com/lg-evo-ai-c4-195-cm-77-inch-oled-4k-ultra-hd-smart-webos-tv-with-dolby-atmos-2025-model-/p/308585
SONY BRAVIA 3 127 cm (50 inch) 4K Ultra HD LCD Smart Android TV with Auto Low Latency Mode (2024 Model),"₹78,840",1 out of 5,(31% Off),Croma,https://www.croma.com/sony-bravia-3-127-cm-50-inch-4k-ultra-hd-lcd-smart-android-tv-with-auto-low-latency-mode-2024-model-/p/308064
"vivo T4 5G (12GB RAM, 256GB, Emerald Blaze)","₹25,999",No rating,(13% Off),Croma,https://www.croma.com/vivo-t4-5g-12gb-ram-256gb-emerald-blaze-/p/315714
"vivo T4 5G (12GB RAM, 256GB, Phantom Grey)","₹25,999",1 out of 5,(13% Off),Croma,https://www.croma.com/vivo-t4-5g-12gb-ram-256gb-phantom-grey-/p/315717
"vivo T4 5G (8GB RAM, 128GB, Phantom Grey)","₹21,999",4 out of 5,(15% Off),Croma,https://www.croma.com/vivo-t4-5g-8gb-ram-128gb-phantom-grey-/p/315715
"Nothing Phone 3a Pro 5G (8GB RAM, 256GB, Grey)","₹31,999",No rating,(11% Off),Croma,https://www.croma.com/nothing-phone-3a-pro-5g-8gb-ram-256gb-grey-/p/314528
"vivo T4 5G (8GB RAM, 256GB, Phantom Grey)","₹23,999",4 out of 5,(14% Off),Croma,https://www.croma.com/vivo-t4-5g-8gb-ram-256gb-phantom-grey-/p/315716
"Nothing Phone 3a 5G (8GB RAM, 256GB, White)","₹26,999",3.7 out of 5,(13% Off),Croma,https://www.croma.com/nothing-phone-3a-5g-8gb-ram-256gb-white-/p/314524
"OnePlus Nord 5 5G (12GB RAM, 256GB, Dry Ice)","₹34,999",No rating,(8% Off),Croma,https://www.croma.com/oneplus-nord-5-5g-12gb-ram-256gb-dry-ice-/p/316474
"vivo Y400 Pro 5G (8GB RAM, 256GB, Freestyle White)","₹26,999",No rating,(16% Off),Croma,https://www.croma.com/vivo-y400-pro-5g-8gb-ram-256gb-freestyle-white-/p/316365
"OnePlus Nord 5 5G (8GB RAM, 256GB, Phantom Grey)","₹31,999",No rating,(9% Off),Croma,https://www.croma.com/oneplus-nord-5-5g-8gb-ram-256gb-phantom-grey-/p/316470
"Nothing Phone 3a Pro 5G (12GB RAM, 256GB, Black)","₹33,999",5 out of 5,(11% Off),Croma,https://www.croma.com/nothing-phone-3a-pro-5g-12gb-ram-256gb-black-/p/314529
"OnePlus 13R 5G (12GB RAM, 256GB, Nebula Noir)","₹42,999",5 out of 5,(4% Off),Croma,https://www.croma.com/oneplus-13r-5g-12gb-ram-256gb-nebula-noir-/p/312545
"OnePlus Nord 5 5G (8GB RAM, 256GB, Dry Ice)","₹31,999",No rating,(9% Off),Croma,https://www.croma.com/oneplus-nord-5-5g-8gb-ram-256gb-dry-ice-/p/316472
"Apple iPad Pro Wi-Fi (11 Inch, 256GB, Space Black, 2024 model)","₹94,990",No rating,(5% Off),Croma,https://www.croma.com/apple-ipad-pro-wi-fi-11-inch-256gb-space-black-2024-model-/p/301933
"vivo T4 5G (8GB RAM, 128GB, Emerald Blaze)","₹21,999",5 out of 5,(15% Off),Croma,https://www.croma.com/vivo-t4-5g-8gb-ram-128gb-emerald-blaze-/p/315712
"vivo Y400 Pro 5G (8GB RAM, 256GB, Fest Gold)","₹26,999",No rating,(16% Off),Croma,https://www.croma.com/vivo-y400-pro-5g-8gb-ram-256gb-fest-gold-/p/316358
"Nothing Phone 3a 5G (8GB RAM, 128GB, Black)","₹24,999",5 out of 5,(14% Off),Croma,https://www.croma.com/nothing-phone-3a-5g-8gb-ram-128gb-black-/p/314520
"Nothing Phone 3a 5G (8GB RAM, 128GB, White)","₹24,999",4 out of 5,(14% Off),Croma,https://www.croma.com/nothing-phone-3a-5g-8gb-ram-128gb-white-/p/314521
"vivo Y400 Pro 5G (8GB RAM, 128GB, Freestyle White)","₹24,999",No rating,(17% Off),Croma,https://www.croma.com/vivo-y400-pro-5g-8gb-ram-128gb-freestyle-white-/p/316361
"Nothing Phone 3a 5G (8GB RAM, 256GB, Blue)","₹26,999",4.2 out of 5,(13% Off),Croma,https://www.croma.com/nothing-phone-3a-5g-8gb-ram-256gb-blue-/p/314526
"oppo Reno 14 5G (8GB RAM, 256GB, Pearl White)","₹37,999",5 out of 5,(12% Off),Croma,https://www.croma.com/oppo-reno-14-5g-8gb-ram-256gb-pearl-white-/p/316429
"OnePlus Nord 5 5G (12GB RAM, 256GB, Phantom Grey)","₹34,999",5 out of 5,(8% Off),Croma,https://www.croma.com/oneplus-nord-5-5g-12gb-ram-256gb-phantom-grey-/p/316473
"OnePlus 13R 5G (16GB RAM, 512GB, Nebula Noir)","₹47,999",3.7 out of 5,(8% Off),Croma,https://www.croma.com/oneplus-13r-5g-16gb-ram-512gb-nebula-noir-/p/312537
"OnePlus Nord 5 5G (12GB RAM, 512GB, Phantom Grey)","₹37,999",No rating,(7% Off),Croma,https://www.croma.com/oneplus-nord-5-5g-12gb-ram-512gb-phantom-grey-/p/316476
"Apple iPad Pro Wi-Fi (11 Inch, 256GB, Silver, 2024 model)","₹94,990",No rating,(5% Off),Croma,https://www.croma.com/apple-ipad-pro-wi-fi-11-inch-256gb-silver-2024-model-/p/301945
"Nothing Phone 3a 5G (8GB RAM, 256GB, Black)","₹26,999",4.2 out of 5,(13% Off),Croma,https://www.croma.com/nothing-phone-3a-5g-8gb-ram-256gb-black-/p/314523
"vivo Y400 Pro 5G (8GB RAM, 128GB, Nebula Purple)","₹24,999",5 out of 5,(17% Off),Croma,https://www.croma.com/vivo-y400-pro-5g-8gb-ram-128gb-nebula-purple-/p/316364
"OnePlus Nord 5 5G (8GB RAM, 256GB, Marble Sands)","₹31,999",5 out of 5,(9% Off),Croma,https://www.croma.com/oneplus-nord-5-5g-8gb-ram-256gb-marble-sands-/p/316471
"Nothing Phone 3a Pro 5G (8GB RAM, 256GB, Black)","₹31,999",No rating,(11% Off),Croma,https://www.croma.com/nothing-phone-3a-pro-5g-8gb-ram-256gb-black-/p/314525
"OnePlus 13R 5G (12GB RAM, 256GB, Astral Trail)","₹42,999",3 out of 5,(4% Off),Croma,https://www.croma.com/oneplus-13r-5g-12gb-ram-256gb-astral-trail-/p/312533
"Nothing Phone 3a Pro 5G (8GB RAM, 128GB, Grey)","₹29,999",No rating,(12% Off),Croma,https://www.croma.com/nothing-phone-3a-pro-5g-8gb-ram-128gb-grey-/p/314519
"vivo T4 5G (8GB RAM, 256GB, Emerald Blaze)","₹23,999",No rating,(14% Off),Croma,https://www.croma.com/vivo-t4-5g-8gb-ram-256gb-emerald-blaze-/p/315713
"OnePlus 13R 5G (16GB RAM, 512GB, Astral Trail)","₹47,999",No rating,(8% Off),Croma,https://www.croma.com/oneplus-13r-5g-16gb-ram-512gb-astral-trail-/p/312539
"Nothing Phone 3a 5G (8GB RAM, 128GB, Blue)","₹24,999",5 out of 5,(14% Off),Croma,https://www.croma.com/nothing-phone-3a-5g-8gb-ram-128gb-blue-/p/314522
"OnePlus 13 5G (12GB RAM, 256GB, Midnight Ocean)","₹69,999",No rating,(4% Off),Croma,https://www.croma.com/oneplus-13-5g-12gb-ram-256gb-midnight-ocean-/p/312532
"oppo Reno 14 Pro 5G (12GB RAM, 512GB, Titanium Grey)","₹54,999",No rating,(10% Off),Croma,https://www.croma.com/oppo-reno-14-pro-5g-12gb-ram-512gb-titanium-grey-/p/316425
"Apple iPad Pro Wi-Fi (11 Inch, 512GB, Space Black, 2024 model)","₹1,13,990",No rating,(5% Off),Croma,https://www.croma.com/apple-ipad-pro-wi-fi-11-inch-512gb-space-black-2024-model-/p/301943
"vivo Y400 Pro 5G (8GB RAM, 128GB, Fest Gold)","₹24,999",3 out of 5,(17% Off),Croma,https://www.croma.com/vivo-y400-pro-5g-8gb-ram-128gb-fest-gold-/p/316362
"OnePlus Nord 5 5G (12GB RAM, 256GB, Marble Sands)","₹34,999",No rating,(8% Off),Croma,https://www.croma.com/oneplus-nord-5-5g-12gb-ram-256gb-marble-sands-/p/316475
"OnePlus 13 5G (16GB RAM, 512GB, Midnight Ocean)","₹76,999",4 out of 5,(4% Off),Croma,https://www.croma.com/oneplus-13-5g-16gb-ram-512gb-midnight-ocean-/p/312534
"SAMSUNG 5 in 1 Convertible 1 Ton 3 Star Inverter Split AC with AI Digital Control (2025 Model, Copper Condenser, AR50F12D0XHNNA)","₹31,990",No rating,(40% Off),Croma,https://www.croma.com/samsung-5-in-1-convertible-1-ton-3-star-inverter-split-ac-with-ai-digital-control-2025-model-copper-condenser-ar50f12d0xhnna-/p/313005
DJI Osmo Action 4 Standard Combo 4K and 10MP 240 FPS Waterproof Action Camera with EIS Stabilisation (Black),"₹29,990",No rating,(33% Off),Croma,https://www.croma.com/dji-osmo-action-4-standard-combo-4k-and-10mp-240-fps-waterproof-action-camera-with-eis-stabilisation-black-/p/301997
"OnePlus 13 5G (16GB RAM, 512GB, Arctic Dawn)","₹76,999",No rating,(4% Off),Croma,https://www.croma.com/oneplus-13-5g-16gb-ram-512gb-arctic-dawn-/p/312538
"Nothing Phone 3a Pro 5G (8GB RAM, 128GB, Black)","₹29,999",No rating,(12% Off),Croma,https://www.croma.com/nothing-phone-3a-pro-5g-8gb-ram-128gb-black-/p/314527
"OnePlus 13 5G (12GB RAM, 256GB, Black Eclipse)","₹69,999",No rating,(4% Off),Croma,https://www.croma.com/oneplus-13-5g-12gb-ram-256gb-black-eclipse-/p/312541
"vivo V60 5G (8GB RAM, 256GB ROM, Mist Gray)","₹38,999",No rating,(11% Off),Croma,https://www.croma.com/vivo-v60-5g-8gb-ram-256gb-rom-mist-gray-/p/317380
"SAMSUNG WindFree 5 in 1 Convertible 1.5 Ton 5 Star Inverter Split Smart AC with Voice Assistant (2025 Model, Copper Condenser, AR60F19D15WNNA)","₹49,890",No rating,(39% Off),Croma,https://www.croma.com/samsung-windfree-5-in-1-convertible-1-5-ton-5-star-inverter-split-smart-ac-with-voice-assistant-2025-model-copper-condenser-ar60f19d15wnna-/p/312985
"OnePlus 13 5G (16GB RAM, 512GB, Black Eclipse)","₹76,999",No rating,(4% Off),Croma,https://www.croma.com/oneplus-13-5g-16gb-ram-512gb-black-eclipse-/p/312540
"SAMSUNG CY 4 in 1 Convertible 1.5 Ton 5 Star Inverter Split Smart AC with AI Auto Cooling (Copper Condenser, AR18CY5AMWKNNA)","₹54,490",No rating,(28% Off),Croma,https://www.croma.com/samsung-cy-4-in-1-convertible-1-5-ton-5-star-inverter-split-smart-ac-with-ai-auto-cooling-copper-condenser-ar18cy5amwknna-/p/303747
"SAMSUNG WindFree 5 in 1 Convertible 1.5 Ton 3 Star Inverter Split Smart AC with Voice Assistant (2025 Model, Copper Condenser, AR60F19D13WNNA)","₹40,990",No rating,(35% Off),Croma,https://www.croma.com/samsung-windfree-5-in-1-convertible-1-5-ton-3-star-inverter-split-smart-ac-with-voice-assistant-2025-model-copper-condenser-ar60f19d13wnna-/p/313011
"SAMSUNG 5 in 1 Convertible 1.5 Ton 5 Star Inverter Split Smart AC with Voice Assistant (2025 Model, Copper Condenser, AR50F19D15HNNA)","₹45,890",No rating,(37% Off),Croma,https://www.croma.com/samsung-5-in-1-convertible-1-5-ton-5-star-inverter-split-smart-ac-with-voice-assistant-2025-model-copper-condenser-ar50f19d15hnna-/p/312997
"vivo V50 5G (8GB RAM, 256GB, Titanium Grey)","₹34,999",5 out of 5,(19% Off),Croma,https://www.croma.com/vivo-v50-5g-8gb-ram-256gb-titanium-grey-/p/313867
"realme 14 Pro Plus 5G (12GB RAM, 256GB, Pearl White)","₹30,999",No rating,(19% Off),Croma,https://www.croma.com/realme-14-pro-plus-5g-12gb-ram-256gb-pearl-white-/p/305355
"SAMSUNG Galaxy Z Fold7 5G (12GB RAM, 256GB, Jetblack)","₹1,74,999",No rating,No discount,Croma,https://www.croma.com/samsung-galaxy-z-fold7-5g-12gb-ram-256gb-jetblack-/p/316848
"Haier 10.5 kg 5 Star Fully Automatic Top Load Washing Machine (HWM105-316BK, Pillow Drum, Black)","₹25,290",No rating,(40% Off),Croma,https://www.croma.com/haier-10-5-kg-5-star-fully-automatic-top-load-washing-machine-hwm105-316bk-pillow-drum-black-/p/313712
"Xiaomi 14 CIVI 5G (8GB RAM, 256GB, Shadow Black)","₹39,999",1 out of 5,(27% Off),Croma,https://www.croma.com/xiaomi-14-civi-5g-8gb-ram-256gb-shadow-black-/p/307337
"Apple iPad Pro Wi-Fi (13 Inch, 1TB, Space Black, 2024 model)","₹1,80,490",No rating,(5% Off),Croma,https://www.croma.com/apple-ipad-pro-wi-fi-13-inch-1tb-space-black-2024-model-/p/302676
"Xiaomi 14 CIVI 5G (8GB RAM, 256GB, Matcha Green)","₹39,999",No rating,(27% Off),Croma,https://www.croma.com/xiaomi-14-civi-5g-8gb-ram-256gb-matcha-green-/p/307339
"Xiaomi 14 CIVI 5G (12GB RAM, 512GB, Matcha Green)","₹42,999",No rating,(28% Off),Croma,https://www.croma.com/xiaomi-14-civi-5g-12gb-ram-512gb-matcha-green-/p/307345
